GEOID,NAME,totalpop,white,black,asian,hispanic,hhincome,ls,p
160010001011,Block Group 1; Census Tract 1.01; Ada County; Idaho,260,211,0,0,0,72454,0.1763275955554103,1.1775683826795875e-4
160010001012,Block Group 2; Census Tract 1.01; Ada County; Idaho,1178,1042,61,0,10,17851,0.18948269304606533,6.211533696314601e-4
160010001021,Block Group 1; Census Tract 1.02; Ada County; Idaho,1257,925,13,69,70,38408,0.0763738477466012,6.010621555193914e-4
160010001022,Block Group 2; Census Tract 1.02; Ada County; Idaho,649,386,0,8,255,23200,0.1976610504594433,3.6219994329812907e-4
160010001023,Block Group 3; Census Tract 1.02; Ada County; Idaho,390,218,0,0,77,83068,0.06770401175572449,1.6463633786278594e-4
160010001024,Block Group 4; Census Tract 1.02; Ada County; Idaho,871,701,0,42,112,40322,0.03562436737682993,4.771663351616338e-4
160010002011,Block Group 1; Census Tract 2.01; Ada County; Idaho,2258,1833,11,63,123,123281,0.04014904846436004,0.0011329212402083236
160010002012,Block Group 2; Census Tract 2.01; Ada County; Idaho,1155,1045,51,0,28,95089,0.13621295989890692,6.27292351721259e-4
160010002021,Block Group 1; Census Tract 2.02; Ada County; Idaho,2177,1784,8,138,92,141458,0.10182379569705025,0.0011284565259611972
160010002022,Block Group 2; Census Tract 2.02; Ada County; Idaho,1530,1468,0,62,0,112266,0.17401631475133597,8.538765997629237e-4
160010002023,Block Group 3; Census Tract 2.02; Ada County; Idaho,2670,2506,18,65,0,144926,0.15440775732142994,0.0014448931482262807
160010003021,Block Group 1; Census Tract 3.02; Ada County; Idaho,1119,995,0,27,16,35755,0.11140817385204024,5.792966735646502e-4
160010003022,Block Group 2; Census Tract 3.02; Ada County; Idaho,777,703,0,10,6,109306,0.12722248403625444,4.0126619296048505e-4
160010003023,Block Group 3; Census Tract 3.02; Ada County; Idaho,1621,1538,12,17,20,71625,0.10789805396037068,8.856876887736992e-4
160010003031,Block Group 1; Census Tract 3.03; Ada County; Idaho,891,758,0,42,46,47232,0.07243061650981264,4.7214353163361664e-4
160010003032,Block Group 2; Census Tract 3.03; Ada County; Idaho,943,859,0,41,6,70078,0.15114436742166115,5.056288884870646e-4
160010003051,Block Group 1; Census Tract 3.05; Ada County; Idaho,1740,1363,73,35,208,89833,0.04484491764834087,9.370319026156529e-4
160010003052,Block Group 2; Census Tract 3.05; Ada County; Idaho,1264,1180,0,0,84,83669,0.050470942849562515,7.05424851045971e-4
160010003061,Block Group 1; Census Tract 3.06; Ada County; Idaho,1438,1331,0,7,96,101417,0.0396931337815725,8.003000287974069e-4
160010003062,Block Group 2; Census Tract 3.06; Ada County; Idaho,1453,1323,0,8,41,119904,0.08372245975051955,7.656984933821773e-4
160010003063,Block Group 3; Census Tract 3.06; Ada County; Idaho,1231,1103,0,20,65,46227,0.046740082535415284,6.630100656982702e-4
160010004011,Block Group 1; Census Tract 4.01; Ada County; Idaho,1195,1169,0,0,8,79271,0.14774993068651762,6.568710836084713e-4
160010004012,Block Group 2; Census Tract 4.01; Ada County; Idaho,1098,986,0,0,108,62411,0.03012208795981087,6.10549673294535e-4
160010004021,Block Group 1; Census Tract 4.02; Ada County; Idaho,1065,937,0,0,28,83274,0.09677028141187603,5.385561560596218e-4
160010004022,Block Group 2; Census Tract 4.02; Ada County; Idaho,1641,1149,0,0,468,72674,0.09084834430202947,9.024303672004232e-4
160010004023,Block Group 3; Census Tract 4.02; Ada County; Idaho,879,715,0,0,115,44119,0.021093179907348273,4.6321410313936384e-4
160010005011,Block Group 1; Census Tract 5.01; Ada County; Idaho,792,712,0,0,22,68179,0.0951331858104232,4.0963753217384706e-4
160010005012,Block Group 2; Census Tract 5.01; Ada County; Idaho,586,488,21,12,65,103098,0.03368177689973327,3.2704031860200867e-4
160010005013,Block Group 3; Census Tract 5.01; Ada County; Idaho,1625,1341,0,50,47,72232,0.08443103217919459,8.025323859209701e-4
160010005021,Block Group 1; Census Tract 5.02; Ada County; Idaho,1926,1575,0,18,286,80824,0.008330401431575483,0.0010486497587938127
160010005022,Block Group 2; Census Tract 5.02; Ada County; Idaho,1607,1121,0,89,245,174917,0.057334182642540726,8.120199036961137e-4
160010006011,Block Group 1; Census Tract 6.01; Ada County; Idaho,970,883,11,0,67,147571,0.04040881185660048,5.363237989360586e-4
160010006012,Block Group 2; Census Tract 6.01; Ada County; Idaho,1427,1309,20,12,79,147167,0.04120192395144706,7.924867788649357e-4
160010006021,Block Group 1; Census Tract 6.02; Ada County; Idaho,804,711,0,0,42,61691,0.06061362062399071,4.202412285107722e-4
160010006022,Block Group 2; Census Tract 6.02; Ada County; Idaho,954,868,0,23,43,100095,0.059055869573815256,5.21255388352007e-4
160010006023,Block Group 3; Census Tract 6.02; Ada County; Idaho,1543,1499,0,0,30,90792,0.11475972243017736,8.533185104820329e-4
160010007011,Block Group 1; Census Tract 7.01; Ada County; Idaho,2471,2192,117,57,82,112813,0.11366249605271292,0.0013662025596206779
160010007012,Block Group 2; Census Tract 7.01; Ada County; Idaho,1990,1835,0,33,85,82825,0.059773956246556174,0.001089948365579732
160010007013,Block Group 3; Census Tract 7.01; Ada County; Idaho,1271,989,50,4,105,67356,0.05730777020575509,6.406864944626382e-4
160010007031,Block Group 1; Census Tract 7.03; Ada County; Idaho,2527,2145,0,235,86,196719,0.16957197954128295,0.0013762481666767122
160010007041,Block Group 1; Census Tract 7.04; Ada County; Idaho,1638,1465,0,54,47,148482,0.08849568395589497,8.739678138749925e-4
160010007042,Block Group 2; Census Tract 7.04; Ada County; Idaho,2069,1751,0,80,45,195020,0.10677924584989444,0.0010469754909511403
160010008031,Block Group 1; Census Tract 8.03; Ada County; Idaho,786,492,0,24,87,81850,0.024315881113767677,3.3652783637715225e-4
160010008032,Block Group 2; Census Tract 8.03; Ada County; Idaho,1758,1333,0,237,77,111167,0.26039925582132406,9.191730456271473e-4
160010008033,Block Group 3; Census Tract 8.03; Ada County; Idaho,813,678,0,19,94,112778,0.012602630946779379,4.414486211846226e-4
160010008034,Block Group 4; Census Tract 8.03; Ada County; Idaho,972,773,0,21,164,135938,0.013096567647688805,5.346495310933862e-4
160010008051,Block Group 1; Census Tract 8.05; Ada County; Idaho,1392,1124,0,69,141,134375,0.04331774209980633,7.444911007083269e-4
160010008052,Block Group 2; Census Tract 8.05; Ada County; Idaho,1039,860,0,123,26,180694,0.23852378729869014,5.631120844188169e-4
160010008053,Block Group 3; Census Tract 8.05; Ada County; Idaho,963,877,47,18,16,140846,0.14492465424647208,5.346495310933862e-4
160010008061,Block Group 1; Census Tract 8.06; Ada County; Idaho,1638,1293,0,0,331,71152,0.03416398474279448,9.063369921666588e-4
160010008062,Block Group 2; Census Tract 8.06; Ada County; Idaho,1169,893,0,72,81,73077,0.08127482040469089,5.837613878117765e-4
160010008071,Block Group 1; Census Tract 8.07; Ada County; Idaho,994,720,24,150,19,82583,0.3563137864998662,5.095355134533003e-4
160010008072,Block Group 2; Census Tract 8.07; Ada County; Idaho,1123,860,0,139,114,119605,0.1821078557638801,6.211533696314601e-4
160010008081,Block Group 1; Census Tract 8.08; Ada County; Idaho,993,866,12,44,26,180671,0.09789401133551626,5.290686382844782e-4
160010008082,Block Group 2; Census Tract 8.08; Ada County; Idaho,1464,1084,0,227,13,69236,0.3901494544132435,7.389102078994189e-4
160010008091,Block Group 1; Census Tract 8.09; Ada County; Idaho,1802,1470,47,26,177,86563,0.02208074574262039,9.599135631321756e-4
160010008092,Block Group 2; Census Tract 8.09; Ada County; Idaho,623,536,0,17,43,96797,0.03618608094287275,3.3262121141091667e-4
160010008101,Block Group 1; Census Tract 8.10; Ada County; Idaho,510,469,0,29,12,121324,0.12471066656817925,2.846255332543079e-4
160010008102,Block Group 2; Census Tract 8.10; Ada County; Idaho,668,484,0,18,77,63250,0.01581827948416263,3.231336936357731e-4
160010008103,Block Group 3; Census Tract 8.10; Ada County; Idaho,1690,1539,0,17,94,88707,0.045132110928597806,9.208473134698197e-4
160010009011,Block Group 1; Census Tract 9.01; Ada County; Idaho,867,677,22,27,72,53958,0.03775838287620531,4.4535524615085825e-4
160010009012,Block Group 2; Census Tract 9.01; Ada County; Idaho,1210,1047,0,0,140,107563,0.023858910678911407,6.624519764173793e-4
160010009021,Block Group 1; Census Tract 9.02; Ada County; Idaho,1453,1248,0,0,167,47404,0.02384137750650331,7.896963324604817e-4
160010009022,Block Group 2; Census Tract 9.02; Ada County; Idaho,5156,4244,23,212,524,26151,0.025299607536812346,0.0027921206722966714
160010010011,Block Group 1; Census Tract 10.01; Ada County; Idaho,895,843,0,0,22,58438,0.10319416136396027,4.827472279705418e-4
160010010012,Block Group 2; Census Tract 10.01; Ada County; Idaho,1168,935,32,12,129,103025,0.020843460272377566,6.183629232270061e-4
160010010021,Block Group 1; Census Tract 10.02; Ada County; Idaho,2648,2008,15,79,242,33569,0.016425913474853598,0.0013081612744080347
160010010031,Block Group 1; Census Tract 10.03; Ada County; Idaho,2217,1937,42,49,117,60254,0.0468100731133374,0.0011971015075107655
160010010032,Block Group 2; Census Tract 10.03; Ada County; Idaho,1014,888,0,32,71,NA,0.03935594640507245,5.530664773627826e-4
160010011001,Block Group 1; Census Tract 11; Ada County; Idaho,1704,1236,0,0,373,56579,0.04828692442337837,8.979656529532968e-4
160010011002,Block Group 2; Census Tract 11; Ada County; Idaho,839,458,0,0,334,41507,0.247572489023892,4.4200671046551346e-4
160010011003,Block Group 3; Census Tract 11; Ada County; Idaho,1368,1103,0,0,193,91310,0.021078505471308066,7.232837080344766e-4
160010011004,Block Group 4; Census Tract 11; Ada County; Idaho,1081,895,54,4,58,52140,0.0984516832817073,5.642282629805986e-4
160010012011,Block Group 1; Census Tract 12.01; Ada County; Idaho,1921,1564,0,24,183,79886,0.013951523195551329,9.883761164576064e-4
160010012012,Block Group 2; Census Tract 12.01; Ada County; Idaho,580,518,29,9,12,50556,0.13885580360825148,3.169947115459743e-4
160010012013,Block Group 3; Census Tract 12.01; Ada County; Idaho,962,885,3,0,44,127344,0.06406408486325638,5.201392097902254e-4
160010012031,Block Group 1; Census Tract 12.03; Ada County; Idaho,1345,985,107,8,220,73056,0.13193349559869344,7.366778507758557e-4
160010012032,Block Group 2; Census Tract 12.03; Ada County; Idaho,963,619,0,13,237,NA,0.06560429369473603,4.84979585094105e-4
160010012033,Block Group 3; Census Tract 12.03; Ada County; Idaho,1593,1188,66,0,251,84606,0.05952306152031282,8.399243677406537e-4
160010012041,Block Group 1; Census Tract 12.04; Ada County; Idaho,1445,1138,8,0,293,59444,0.027345808454111938,8.030904752018609e-4
160010012042,Block Group 2; Census Tract 12.04; Ada County; Idaho,1823,1225,0,58,357,54112,0.04251722719180909,9.152664206609117e-4
160010012043,Block Group 3; Census Tract 12.04; Ada County; Idaho,627,535,0,0,74,45288,0.0231040666631108,3.3987637206249705e-4
160010014011,Block Group 1; Census Tract 14.01; Ada County; Idaho,1662,1308,5,10,304,86422,0.011566373590542797,9.080112600093312e-4
160010014012,Block Group 2; Census Tract 14.01; Ada County; Idaho,719,476,23,94,45,60673,0.27408770674219024,3.5606096120833027e-4
160010014021,Block Group 1; Census Tract 14.02; Ada County; Idaho,809,758,0,0,41,61635,0.06547396578250614,4.4591333543174904e-4
160010014022,Block Group 2; Census Tract 14.02; Ada County; Idaho,2316,1764,0,0,417,50487,0.029351838999923226,0.0012171927216228344
160010015001,Block Group 1; Census Tract 15; Ada County; Idaho,1304,1127,39,41,61,93696,0.0729164730048176,7.076572081695341e-4
160010015002,Block Group 2; Census Tract 15; Ada County; Idaho,1603,1287,0,0,273,74432,0.02469395511914646,8.706192781896476e-4
160010015003,Block Group 3; Census Tract 15; Ada County; Idaho,928,860,0,42,11,79449,0.1365108456021963,5.095355134533003e-4
160010016001,Block Group 1; Census Tract 16; Ada County; Idaho,1189,981,10,28,108,49709,0.012710407602735344,6.289666195639313e-4
160010016002,Block Group 2; Census Tract 16; Ada County; Idaho,1326,1017,0,0,144,85667,0.022642647558666917,6.479416551142186e-4
160010016003,Block Group 3; Census Tract 16; Ada County; Idaho,1403,853,184,48,124,64688,0.3518059592162136,6.747299405969769e-4
160010016004,Block Group 4; Census Tract 16; Ada County; Idaho,521,328,13,62,117,57917,0.216484193734807,2.902064260632159e-4
160010017011,Block Group 1; Census Tract 17.01; Ada County; Idaho,969,628,84,117,124,64125,0.3221207893979113,5.318590846889322e-4
160010017012,Block Group 2; Census Tract 17.01; Ada County; Idaho,895,766,0,0,124,42321,0.021061747281011164,4.966994599928118e-4
160010017021,Block Group 1; Census Tract 17.02; Ada County; Idaho,1722,1382,90,0,178,62609,0.08048241338990952,9.208473134698197e-4
160010017022,Block Group 2; Census Tract 17.02; Ada County; Idaho,1305,990,0,119,113,46667,0.1257186816114271,6.819851012485574e-4
160010017023,Block Group 3; Census Tract 17.02; Ada County; Idaho,1126,683,0,21,334,81953,0.11451159044058093,5.792966735646502e-4
160010018001,Block Group 1; Census Tract 18; Ada County; Idaho,1336,1118,41,5,132,97850,0.033371452437132465,7.232837080344766e-4
160010018002,Block Group 2; Census Tract 18; Ada County; Idaho,1806,1501,0,125,101,55606,0.10144046983126004,9.638201880984112e-4
160010018003,Block Group 3; Census Tract 18; Ada County; Idaho,1073,830,5,16,157,66450,0.0014948579469090974,5.625539951379262e-4
160010019001,Block Group 1; Census Tract 19; Ada County; Idaho,2129,1732,111,13,240,61605,0.0647902003859079,0.0011697551327471164
160010019002,Block Group 2; Census Tract 19; Ada County; Idaho,1630,1324,29,0,223,92115,0.01949300024134367,8.795487066839005e-4
160010019003,Block Group 3; Census Tract 19; Ada County; Idaho,1521,1154,85,0,255,85816,0.08666785388345008,8.337853856508549e-4
160010020001,Block Group 1; Census Tract 20; Ada County; Idaho,1256,885,8,0,363,46184,0.08436577164875353,7.009601367988445e-4
160010020002,Block Group 2; Census Tract 20; Ada County; Idaho,1998,1361,15,193,293,55427,0.12925229463489415,0.0010391622410186692
160010020003,Block Group 3; Census Tract 20; Ada County; Idaho,1854,1084,300,74,377,48151,0.42414025381874776,0.0010240938304346176
160010021001,Block Group 1; Census Tract 21; Ada County; Idaho,890,675,98,6,93,103611,0.21193131769277554,4.866538529367774e-4
160010021002,Block Group 2; Census Tract 21; Ada County; Idaho,1156,1066,0,24,48,91250,0.06247374410768712,6.351056016537302e-4
160010022231,Block Group 1; Census Tract 22.23; Ada County; Idaho,1107,1026,0,53,0,92734,0.1831937923506098,6.02178334081173e-4
160010022232,Block Group 2; Census Tract 22.23; Ada County; Idaho,1900,1691,0,85,62,133418,0.0942330255835135,0.00102576809827729
160010022233,Block Group 3; Census Tract 22.23; Ada County; Idaho,2458,1544,0,192,604,132697,0.14630647623008536,0.0013059289172844715
160010022251,Block Group 1; Census Tract 22.25; Ada County; Idaho,815,747,0,0,30,76114,0.0816829176401126,4.3363537125215145e-4
160010022252,Block Group 2; Census Tract 22.25; Ada County; Idaho,1220,934,0,73,147,90667,0.05635444384855101,6.440350301479829e-4
160010022253,Block Group 3; Census Tract 22.25; Ada County; Idaho,1643,1376,0,0,0,110769,0.1763275955554103,7.679308505057405e-4
160010022261,Block Group 1; Census Tract 22.26; Ada County; Idaho,857,691,19,9,81,141389,0.01844765901634292,4.4647142471263983e-4
160010022262,Block Group 2; Census Tract 22.26; Ada County; Idaho,2109,1635,159,46,187,108796,0.12835388887825322,0.0011312469723656511
160010022271,Block Group 1; Census Tract 22.27; Ada County; Idaho,1082,781,0,6,59,97981,0.03536400944416496,4.7214353163361664e-4
160010022272,Block Group 2; Census Tract 22.27; Ada County; Idaho,1618,1372,2,0,244,101642,0.017730143609688012,9.029884564813141e-4
160010022281,Block Group 1; Census Tract 22.28; Ada County; Idaho,1017,953,0,30,21,56287,0.10171612507715252,5.60321638014363e-4
160010022282,Block Group 2; Census Tract 22.28; Ada County; Idaho,1829,1387,0,190,109,104318,0.1731790519005004,9.409385275818884e-4
160010022291,Block Group 1; Census Tract 22.29; Ada County; Idaho,919,764,0,13,100,67850,0.010691688232898918,4.894442993412314e-4
160010022292,Block Group 2; Census Tract 22.29; Ada County; Idaho,1523,1440,0,0,52,80332,0.0872581021707401,8.326692070890733e-4
160010022293,Block Group 3; Census Tract 22.29; Ada County; Idaho,1250,985,0,163,66,120833,0.230062527509122,6.775203870014309e-4
160010022301,Block Group 1; Census Tract 22.30; Ada County; Idaho,1417,1158,0,14,67,100577,0.04780865743136537,6.91472619023701e-4
160010022302,Block Group 2; Census Tract 22.30; Ada County; Idaho,2152,1598,68,232,108,94167,0.2081627225107093,0.0011195270974669444
160010022311,Block Group 1; Census Tract 22.31; Ada County; Idaho,1089,900,44,0,127,87571,0.05279555213235388,5.977136198340465e-4
160010022312,Block Group 2; Census Tract 22.31; Ada County; Idaho,525,503,0,8,0,82277,0.16034720088623944,2.851836225351987e-4
160010022313,Block Group 3; Census Tract 22.31; Ada County; Idaho,1202,988,0,118,78,76339,0.14523420351451052,6.607777085747069e-4
160010023131,Block Group 1; Census Tract 23.13; Ada County; Idaho,1002,761,4,50,39,83438,0.08675857167365206,4.76608245880743e-4
160010023132,Block Group 2; Census Tract 23.13; Ada County; Idaho,1435,1168,26,55,129,91284,0.03232708064555671,7.690470290675221e-4
160010023133,Block Group 3; Census Tract 23.13; Ada County; Idaho,1830,1285,33,139,219,69375,0.09185457441291578,9.353576347729804e-4
160010023141,Block Group 1; Census Tract 23.14; Ada County; Idaho,1590,944,0,0,627,70047,0.2154446150479634,8.767582602794465e-4
160010023142,Block Group 2; Census Tract 23.14; Ada County; Idaho,828,747,0,0,81,27031,0.030509436642919725,4.620979245775822e-4
160010023143,Block Group 3; Census Tract 23.14; Ada County; Idaho,807,693,13,20,0,106406,0.15972840108709624,4.0517281792672063e-4
160010023144,Block Group 4; Census Tract 23.14; Ada County; Idaho,1411,1369,0,10,0,100021,0.16331394222222514,7.696051183484129e-4
160010023145,Block Group 5; Census Tract 23.14; Ada County; Idaho,910,306,0,0,129,103659,0.09727999938877066,2.427688371874979e-4
160010023151,Block Group 1; Census Tract 23.15; Ada County; Idaho,2022,1701,0,91,211,114094,0.03543002524695538,0.001117852829624272
160010023152,Block Group 2; Census Tract 23.15; Ada County; Idaho,1668,1362,21,83,101,76536,0.06159716127451455,8.745259031558832e-4
160010023153,Block Group 3; Census Tract 23.15; Ada County; Idaho,618,587,0,0,0,57301,0.1763275955554103,3.2759840788289946e-4
160010023154,Block Group 4; Census Tract 23.15; Ada County; Idaho,1027,552,50,199,180,NA,0.4731050167213354,5.474855845538746e-4
160010023161,Block Group 1; Census Tract 23.16; Ada County; Idaho,935,780,0,0,98,50104,0.02550109066461637,4.900023886221222e-4
160010023162,Block Group 2; Census Tract 23.16; Ada County; Idaho,1478,1240,30,27,144,87639,0.01621658549787847,8.042066537636425e-4
160010023171,Block Group 1; Census Tract 23.17; Ada County; Idaho,2023,1194,10,0,650,53952,0.14816723427275977,0.0010346975267715428
160010023172,Block Group 2; Census Tract 23.17; Ada County; Idaho,675,563,28,0,10,44875,0.15510481362549633,3.354116578153707e-4
160010023181,Block Group 1; Census Tract 23.18; Ada County; Idaho,1551,999,0,6,428,100306,0.09091172430966044,7.997419395165161e-4
160010023182,Block Group 2; Census Tract 23.18; Ada County; Idaho,1079,783,73,36,133,53333,0.11453974807376206,5.720415129130698e-4
160010023183,Block Group 3; Census Tract 23.18; Ada County; Idaho,964,683,0,12,243,81004,0.05446643166558166,5.234877454755702e-4
160010023184,Block Group 4; Census Tract 23.18; Ada County; Idaho,1195,1094,0,0,67,60673,0.05862857110087918,6.479416551142186e-4
160010023191,Block Group 1; Census Tract 23.19; Ada County; Idaho,1238,927,15,101,161,65283,0.087417403261308535,6.719394941925229e-4
160010023192,Block Group 2; Census Tract 23.19; Ada County; Idaho,1304,1016,0,90,175,67348,0.06766659839262783,7.149123688211145e-4
160010023193,Block Group 3; Census Tract 23.19; Ada County; Idaho,1471,961,0,0,439,72708,0.11361845777769414,7.813249932471197e-4
160010024121,Block Group 1; Census Tract 24.12; Ada County; Idaho,1512,1339,0,9,84,55690,0.04587754083220849,7.991838502356253e-4
160010024122,Block Group 2; Census Tract 24.12; Ada County; Idaho,1631,1437,0,6,86,214167,0.05089444483310845,8.533185104820329e-4
160010024123,Block Group 3; Census Tract 24.12; Ada County; Idaho,1934,1739,10,35,118,72500,0.03241101914320504,0.0010614858122543012
160010024141,Block Group 1; Census Tract 24.14; Ada County; Idaho,1732,1439,0,22,127,74875,0.02556129975805271,8.862457780545901e-4
160010024142,Block Group 2; Census Tract 24.14; Ada County; Idaho,1223,909,0,0,300,57415,0.05857416306977735,6.747299405969769e-4
160010024151,Block Group 1; Census Tract 24.15; Ada County; Idaho,1272,868,1,50,295,111250,0.06277209127705134,6.775203870014309e-4
160010024152,Block Group 2; Census Tract 24.15; Ada County; Idaho,1084,974,0,11,73,65739,0.03418981313677193,5.904584591824662e-4
160010024161,Block Group 1; Census Tract 24.16; Ada County; Idaho,996,705,215,0,60,64081,0.5868892127077106,5.469274952729838e-4
160010024162,Block Group 2; Census Tract 24.16; Ada County; Idaho,1514,1358,0,0,60,72917,0.07656133533303713,7.913706003031541e-4
160010024163,Block Group 3; Census Tract 24.16; Ada County; Idaho,1090,1001,0,15,74,153250,0.03439502779335235,6.083173161709718e-4
160010024164,Block Group 4; Census Tract 24.16; Ada County; Idaho,1837,1623,0,0,160,79076,0.034434838893078835,9.95073187828296e-4
160010024171,Block Group 1; Census Tract 24.17; Ada County; Idaho,1780,1540,42,44,112,78092,0.043648369721493926,9.6995917018821e-4
160010024172,Block Group 2; Census Tract 24.17; Ada County; Idaho,909,710,4,115,14,93470,0.2818528479294989,4.704692637909442e-4
160010024181,Block Group 1; Census Tract 24.18; Ada County; Idaho,2177,1611,92,23,285,74669,0.04677430679316854,0.0011223175438713983
160010024182,Block Group 2; Census Tract 24.18; Ada County; Idaho,1350,1176,3,0,47,89230,0.07663787401867914,6.842174583721205e-4
160010024191,Block Group 1; Census Tract 24.19; Ada County; Idaho,2115,1768,22,55,106,62118,0.044481143455379714,0.0010888321870179505
160010024192,Block Group 2; Census Tract 24.19; Ada County; Idaho,1682,1640,0,0,37,94722,0.10971120739736484,9.359157240538713e-4
160010101011,Block Group 1; Census Tract 101.01; Ada County; Idaho,1292,887,0,187,68,161556,0.2979863955444871,6.373379587772933e-4
160010101012,Block Group 2; Census Tract 101.01; Ada County; Idaho,1808,1505,0,159,77,132738,0.14981405333887465,9.716334380308825e-4
160010101013,Block Group 3; Census Tract 101.01; Ada County; Idaho,901,700,0,50,64,164612,0.06905797432333463,4.5428467464511105e-4
160010101021,Block Group 1; Census Tract 101.02; Ada County; Idaho,315,261,0,0,0,123860,0.1763275955554103,1.4566130231249874e-4
160010101022,Block Group 2; Census Tract 101.02; Ada County; Idaho,3490,3243,0,0,181,159439,0.06374333532274154,0.0019108976977700984
160010101023,Block Group 3; Census Tract 101.02; Ada County; Idaho,1289,1136,0,16,102,92458,0.024795496928720163,6.99843958237063e-4
160010101024,Block Group 4; Census Tract 101.02; Ada County; Idaho,1175,1068,0,0,107,141471,0.033737432479206075,6.557549050466898e-4
160010102241,Block Group 1; Census Tract 102.24; Ada County; Idaho,1408,1258,0,8,34,161250,0.08996938112122489,7.255160651580397e-4
160010102242,Block Group 2; Census Tract 102.24; Ada County; Idaho,2784,2488,27,48,93,160500,0.06391184433844059,0.0014822851300459643
160010102261,Block Group 1; Census Tract 102.26; Ada County; Idaho,1442,1105,69,0,47,103750,0.13531082592299642,6.814270119676665e-4
160010102262,Block Group 2; Census Tract 102.26; Ada County; Idaho,2174,2067,0,10,76,88750,0.0763303725701129,0.001201566221757892
160010102271,Block Group 1; Census Tract 102.27; Ada County; Idaho,2280,1857,9,0,288,63896,0.0147966307865179,0.0012021243110387828
160010102272,Block Group 2; Census Tract 102.27; Ada County; Idaho,1074,916,28,0,71,107778,0.05438348376668676,5.664606201041618e-4
160010102281,Block Group 1; Census Tract 102.28; Ada County; Idaho,842,712,0,0,27,70370,0.08471103967310924,4.1242797857830106e-4
160010102282,Block Group 2; Census Tract 102.28; Ada County; Idaho,3082,2167,0,0,825,90313,0.07919023497668652,0.0016698031284252729
160010102291,Block Group 1; Census Tract 102.29; Ada County; Idaho,3119,2579,23,117,340,164583,0.01847986635547757,0.0017071951102449565
160010102292,Block Group 2; Census Tract 102.29; Ada County; Idaho,2513,2162,0,37,314,76696,0.00853013437580863,0.0014024783628785798
160010102301,Block Group 1; Census Tract 102.30; Ada County; Idaho,1533,1463,0,5,16,107356,0.12739311488841512,8.282044928419469e-4
160010102302,Block Group 2; Census Tract 102.30; Ada County; Idaho,2244,1916,0,136,100,109726,0.09954712479685617,0.001201008132477001
160010102303,Block Group 3; Census Tract 102.30; Ada County; Idaho,1355,1252,8,0,63,147250,0.061908645573111924,7.383521186185281e-4
160010102311,Block Group 1; Census Tract 102.31; Ada County; Idaho,992,953,0,0,19,118618,0.11491593190001398,5.424627810258574e-4
160010102312,Block Group 2; Census Tract 102.31; Ada County; Idaho,1436,1185,0,0,126,158261,0.03127832026714238,7.316550472478386e-4
160010102321,Block Group 1; Census Tract 102.32; Ada County; Idaho,1653,1508,4,55,44,76258,0.08739508676289605,8.990818315150785e-4
160010102322,Block Group 2; Census Tract 102.32; Ada County; Idaho,1930,1812,0,61,12,97045,0.14009369588507456,0.0010519982944791576
160010102331,Block Group 1; Census Tract 102.33; Ada County; Idaho,871,832,0,0,39,88925,0.0733441773012052,4.860957636558866e-4
160010102332,Block Group 2; Census Tract 102.33; Ada County; Idaho,2013,1825,23,57,42,148735,0.09255356038098098,0.001086599829894387
160010102341,Block Group 1; Census Tract 102.34; Ada County; Idaho,1814,1518,28,47,221,68689,0.009306308920870877,0.0010123739555359108
160010102342,Block Group 2; Census Tract 102.34; Ada County; Idaho,1444,1111,0,79,254,73285,0.049525657879910014,8.058809216063148e-4
160010102343,Block Group 3; Census Tract 102.34; Ada County; Idaho,1632,1146,0,22,457,96346,0.07246502230116007,9.068950814475497e-4
160010102351,Block Group 1; Census Tract 102.35; Ada County; Idaho,850,680,0,0,0,100000,0.1763275955554103,3.795007110057439e-4
160010102352,Block Group 2; Census Tract 102.35; Ada County; Idaho,1468,1026,0,60,313,80741,0.054911292437978654,7.807669039662289e-4
160010102353,Block Group 3; Census Tract 102.35; Ada County; Idaho,2756,2526,0,9,90,115966,0.07952666599037506,0.0014649843623383493
160010102361,Block Group 1; Census Tract 102.36; Ada County; Idaho,783,662,0,0,52,89063,0.04531384539923545,3.9847574655603105e-4
160010102362,Block Group 2; Census Tract 102.36; Ada County; Idaho,797,743,0,0,20,118984,0.10175574408393613,4.2582212131968023e-4
160010102363,Block Group 3; Census Tract 102.36; Ada County; Idaho,1482,1353,0,0,55,78825,0.08103797537181359,7.857897074942461e-4
160010102371,Block Group 1; Census Tract 102.37; Ada County; Idaho,702,702,0,0,0,80988,0.1763275955554103,3.9177867518534146e-4
160010102372,Block Group 2; Census Tract 102.37; Ada County; Idaho,1726,1431,21,89,96,85990,0.06819834969489255,9.135921528182393e-4
160010102373,Block Group 3; Census Tract 102.37; Ada County; Idaho,2122,1835,0,54,110,92500,0.05027091909358296,0.0011156204725007088
160010102374,Block Group 4; Census Tract 102.37; Ada County; Idaho,807,753,0,0,22,105313,0.09786272601913032,4.325191926903698e-4
160010103361,Block Group 1; Census Tract 103.36; Ada County; Idaho,550,538,0,0,12,96064,0.1102046523562657,3.0694910448993986e-4
160010103362,Block Group 2; Census Tract 103.36; Ada County; Idaho,1698,1502,6,0,190,157614,0.019149315547658936,9.47635598952578e-4
160010103371,Block Group 1; Census Tract 103.37; Ada County; Idaho,1531,1055,0,30,326,140810,0.03835262181587397,7.874639753369185e-4
160010103372,Block Group 2; Census Tract 103.37; Ada County; Idaho,2425,2318,40,0,63,153285,0.0968494588693623,0.0013511341490366263
160010103373,Block Group 3; Census Tract 103.37; Ada County; Idaho,1193,1080,0,104,0,NA,0.24144292078497095,6.607777085747069e-4
160010103381,Block Group 1; Census Tract 103.38; Ada County; Idaho,1721,1665,0,0,41,117365,0.10584332306181717,9.521003131997044e-4
160010103382,Block Group 2; Census Tract 103.38; Ada County; Idaho,846,790,0,0,14,94464,0.11958933816687739,4.4870378183620304e-4
160010103383,Block Group 3; Census Tract 103.38; Ada County; Idaho,1365,1211,0,0,102,93545,0.04179165556528626,7.327712258096201e-4
160010103391,Block Group 1; Census Tract 103.39; Ada County; Idaho,1351,1266,1,36,39,150993,0.08218094235856109,7.489558149554533e-4
160010103392,Block Group 2; Census Tract 103.39; Ada County; Idaho,2249,1873,88,25,141,110625,0.06371288665331772,0.0011870559004547312
160010103401,Block Group 1; Census Tract 103.40; Ada County; Idaho,970,855,0,48,54,73510,0.07101575068419888,5.340914418124954e-4
160010103402,Block Group 2; Census Tract 103.40; Ada County; Idaho,1366,1184,0,92,73,123705,0.09890342770093835,7.528624399216889e-4
160010103403,Block Group 3; Census Tract 103.40; Ada County; Idaho,1759,1580,0,78,26,NA,0.1285730599716734,9.398223490201069e-4
160010103411,Block Group 1; Census Tract 103.41; Ada County; Idaho,1480,1167,13,14,242,116042,0.003729729293290278,8.014162073591885e-4
160010103412,Block Group 2; Census Tract 103.41; Ada County; Idaho,2073,1790,0,152,34,157708,0.1678178123071631,0.0011027844190402204
160010103413,Block Group 3; Census Tract 103.41; Ada County; Idaho,2526,1915,16,179,73,137862,0.1396469677228505,0.0012183089001846158
160010103421,Block Group 1; Census Tract 103.42; Ada County; Idaho,1466,1275,0,0,172,99955,0.023652118785980454,8.075551894489873e-4
160010103422,Block Group 2; Census Tract 103.42; Ada County; Idaho,1353,1098,0,54,21,130149,0.12272279641648198,6.546387264849082e-4
160010103423,Block Group 3; Census Tract 103.42; Ada County; Idaho,2912,2578,47,11,53,110954,0.10035490640213106,0.0015007020763153605
160010103431,Block Group 1; Census Tract 103.43; Ada County; Idaho,1438,1392,0,34,0,126042,0.16211866303572497,7.958353145502805e-4
160010103432,Block Group 2; Census Tract 103.43; Ada County; Idaho,1839,1324,0,184,280,69375,0.1336186577116842,9.9786363423275e-4
160010103441,Block Group 1; Census Tract 103.44; Ada County; Idaho,1725,1458,0,72,134,72941,0.044030497290056744,9.286605634022908e-4
160010103442,Block Group 2; Census Tract 103.44; Ada County; Idaho,2192,1672,0,0,426,128938,0.03384296939918321,0.001170871311308898
160010103451,Block Group 1; Census Tract 103.45; Ada County; Idaho,1222,826,22,53,130,55789,0.04139735084235617,5.753900485984146e-4
160010103452,Block Group 2; Census Tract 103.45; Ada County; Idaho,3745,3237,0,121,193,109769,0.05610099227023287,0.0019817750364432302
160010103461,Block Group 1; Census Tract 103.46; Ada County; Idaho,1521,1250,3,50,202,84048,0.01306893775786347,8.399243677406537e-4
160010103471,Block Group 1; Census Tract 103.47; Ada County; Idaho,1513,1088,25,0,276,55755,0.03147195365015727,7.751860111573209e-4
160010103472,Block Group 2; Census Tract 103.47; Ada County; Idaho,1151,885,19,0,220,65139,0.02924492423303362,6.27292351721259e-4
160010103473,Block Group 3; Census Tract 103.47; Ada County; Idaho,1265,897,28,33,286,83725,0.04729747870474134,6.94263065428155e-4
160010103481,Block Group 1; Census Tract 103.48; Ada County; Idaho,1641,1411,101,0,76,71190,0.13809223717866984,8.862457780545901e-4
160010103482,Block Group 2; Census Tract 103.48; Ada County; Idaho,2057,1491,5,22,443,65588,0.027628814391731663,0.0010944130798268585
160010103491,Block Group 1; Census Tract 103.49; Ada County; Idaho,2167,1682,0,56,61,99402,0.07968032784816811,0.001004002616322549
160010103492,Block Group 2; Census Tract 103.49; Ada County; Idaho,1851,1851,0,0,0,115097,0.1763275955554103,0.0010330232589288704
160010103501,Block Group 1; Census Tract 103.50; Ada County; Idaho,1999,1939,0,0,33,80208,0.12112966793361661,0.0011005520619166572
160010103502,Block Group 2; Census Tract 103.50; Ada County; Idaho,1188,972,69,0,147,92257,0.08484956967953612,6.630100656982702e-4
160010103511,Block Group 1; Census Tract 103.51; Ada County; Idaho,2059,1874,0,27,75,132727,0.06733777558149978,0.0011027844190402204
160010103512,Block Group 2; Census Tract 103.51; Ada County; Idaho,1906,1562,30,95,117,64554,0.06309568791977202,0.0010067930627270028
160010103521,Block Group 1; Census Tract 103.52; Ada County; Idaho,1298,1192,31,0,62,134031,0.07116562123878051,7.171447259446777e-4
160010103522,Block Group 2; Census Tract 103.52; Ada County; Idaho,883,873,0,0,10,72708,0.13451934334146018,4.927928350265762e-4
160010103523,Block Group 3; Census Tract 103.52; Ada County; Idaho,835,835,0,0,0,109625,0.1763275955554103,4.6600454954381785e-4
160010103524,Block Group 4; Census Tract 103.52; Ada County; Idaho,1787,1284,53,0,331,110962,0.049222503237196166,9.30892920525854e-4
160010103531,Block Group 1; Census Tract 103.53; Ada County; Idaho,2538,1882,20,30,65,153846,0.0674156125704621,0.0011145042939389271
160010103532,Block Group 2; Census Tract 103.53; Ada County; Idaho,2834,2636,0,0,49,156287,0.11772747363864348,0.0014984697191917974
160010103541,Block Group 1; Census Tract 103.54; Ada County; Idaho,3966,2680,0,21,474,74500,0.009686913230280283,0.0017719334668282894
160010103542,Block Group 2; Census Tract 103.54; Ada County; Idaho,1164,1107,0,0,23,118940,0.11321306106221192,6.306408874066037e-4
160010103543,Block Group 3; Census Tract 103.54; Ada County; Idaho,1067,863,0,76,128,71250,0.07013066120543815,5.954812627104834e-4
160010103551,Block Group 1; Census Tract 103.55; Ada County; Idaho,1875,1535,1,79,71,155774,0.081054705591643475,9.409385275818884e-4
160010103561,Block Group 1; Census Tract 103.56; Ada County; Idaho,2487,1901,0,25,172,145125,0.02453664037600978,0.001170871311308898
160010103562,Block Group 2; Census Tract 103.56; Ada County; Idaho,2014,1247,0,122,588,128942,0.1480672679837842,0.001092180722703295
160010103571,Block Group 1; Census Tract 103.57; Ada County; Idaho,1038,902,0,0,136,157500,0.0216657913314268,5.792966735646502e-4
160010103572,Block Group 2; Census Tract 103.57; Ada County; Idaho,1374,691,0,0,655,250001,0.3513826789391777,7.511881720790165e-4
160010103573,Block Group 3; Census Tract 103.57; Ada County; Idaho,1454,1426,0,9,13,244844,0.12902893059352322,8.081132787298781e-4
160010103581,Block Group 1; Census Tract 103.58; Ada County; Idaho,2174,1890,0,67,206,84231,0.024593160994595343,0.0012071471145667998
160010103582,Block Group 2; Census Tract 103.58; Ada County; Idaho,961,753,0,0,196,91750,0.035329255377121324,5.29626727565369e-4
160010103583,Block Group 3; Census Tract 103.58; Ada County; Idaho,1664,1359,0,9,289,NA,0.014280295770961545,9.247539384360553e-4
160010103584,Block Group 4; Census Tract 103.58; Ada County; Idaho,1037,976,0,0,46,NA,0.07304645114187597,5.703672450703974e-4
160010103591,Block Group 1; Census Tract 103.59; Ada County; Idaho,1629,1485,0,106,38,98478,0.13673248932232873,9.091274385711128e-4
160010103592,Block Group 2; Census Tract 103.59; Ada County; Idaho,2397,2345,0,0,12,132090,0.15344613155118625,0.001315416435059615
160010103601,Block Group 1; Census Tract 103.60; Ada County; Idaho,1610,1383,0,0,93,93922,0.053529999666634014,8.237397785948204e-4
160010103602,Block Group 2; Census Tract 103.60; Ada County; Idaho,2534,1927,43,0,13,NA,0.1471495940839174,0.001106691044006456
160010103611,Block Group 1; Census Tract 103.61; Ada County; Idaho,1082,738,0,10,62,90000,0.028024038619104845,4.5205231752154783e-4
160010103612,Block Group 2; Census Tract 103.61; Ada County; Idaho,916,874,0,0,33,111875,0.08493793802888233,5.061869777679554e-4
160010103613,Block Group 3; Census Tract 103.61; Ada County; Idaho,1827,1371,0,40,386,99441,0.029791928387087493,0.0010028864377607672
160010103621,Block Group 1; Census Tract 103.62; Ada County; Idaho,2272,2102,170,0,0,121141,0.2658068288094908,0.0012679788461838972
160010103622,Block Group 2; Census Tract 103.62; Ada County; Idaho,1270,1031,85,28,62,113516,0.13773245631657624,6.730556727543045e-4
160010103623,Block Group 3; Census Tract 103.62; Ada County; Idaho,1927,1660,0,24,186,84118,0.015490939403708222,0.0010436269552657957
160010103631,Block Group 1; Census Tract 103.63; Ada County; Idaho,1550,1269,0,38,131,123507,0.023283589949084787,8.025323859209701e-4
160010103632,Block Group 2; Census Tract 103.63; Ada County; Idaho,1673,1338,0,81,184,116528,0.039493364843125746,8.946171172679521e-4
160010103633,Block Group 3; Census Tract 103.63; Ada County; Idaho,2233,1992,0,0,169,84803,0.04143440815486283,0.0012060309360050184
160010103641,Block Group 1; Census Tract 103.64; Ada County; Idaho,927,670,0,20,222,82643,0.04672195577314681,5.089774241724094e-4
160010103642,Block Group 2; Census Tract 103.64; Ada County; Idaho,1029,946,0,0,83,61574,0.03979671302462434,5.742738700366329e-4
160010103643,Block Group 3; Census Tract 103.64; Ada County; Idaho,1020,848,0,0,122,63487,0.022357928660734806,5.413466024640758e-4
160010103644,Block Group 4; Census Tract 103.64; Ada County; Idaho,3268,901,990,0,1149,72404,1.3037524176467146,0.0016965914139080314
160010103651,Block Group 1; Census Tract 103.65; Ada County; Idaho,2010,1659,7,19,267,116017,0.0018647901290063588,0.0010893902762988412
160010103652,Block Group 2; Census Tract 103.65; Ada County; Idaho,2015,1542,33,104,202,93750,0.04590317554419829,0.0010497659373555944
160010103661,Block Group 1; Census Tract 103.66; Ada County; Idaho,1178,922,39,42,153,95769,0.03977778728542216,6.451512087097646e-4
160010103662,Block Group 2; Census Tract 103.66; Ada County; Idaho,2893,2517,0,8,147,120500,0.05355757731050758,0.001491214558540217
160010103671,Block Group 1; Census Tract 103.67; Ada County; Idaho,1317,1189,0,20,89,106027,0.03382082612887181,7.243998865962581e-4
160010103672,Block Group 2; Census Tract 103.67; Ada County; Idaho,830,803,0,0,4,103060,0.15391788322587707,4.503780496788754e-4
160010103673,Block Group 3; Census Tract 103.67; Ada County; Idaho,2395,2039,0,39,157,79722,0.032708440774851306,0.0012473295427909376
160010103674,Block Group 4; Census Tract 103.67; Ada County; Idaho,2011,1395,0,37,330,55859,0.017262535642736276,9.833533129295893e-4
160010103681,Block Group 1; Census Tract 103.68; Ada County; Idaho,1677,1522,0,49,81,92381,0.058518567968242154,9.219634920316013e-4
160010103682,Block Group 2; Census Tract 103.68; Ada County; Idaho,1923,1674,0,35,90,55337,0.05236398151879145,0.001004002616322549
160010103691,Block Group 1; Census Tract 103.69; Ada County; Idaho,2211,2023,4,46,131,127601,0.03846059681501099,0.0012300287750833228
160010103692,Block Group 2; Census Tract 103.69; Ada County; Idaho,1134,762,0,23,329,90208,0.08817017231887,6.21711458912351e-4
160010103701,Block Group 1; Census Tract 103.70; Ada County; Idaho,979,864,0,0,0,74205,0.1763275955554103,4.82189138689651e-4
160010103702,Block Group 2; Census Tract 103.70; Ada County; Idaho,1916,1357,26,163,315,76841,0.1022248691561749,0.0010386041517377784
160010103711,Block Group 1; Census Tract 103.71; Ada County; Idaho,471,347,0,0,46,61007,0.02406766417520732,2.193290873900843e-4
160010103712,Block Group 2; Census Tract 103.71; Ada County; Idaho,3067,2082,0,117,795,112376,0.07977738543542091,0.0016709193069870546
160010104031,Block Group 1; Census Tract 104.03; Ada County; Idaho,1804,1734,0,26,22,120110,0.11607664968606009,9.945150985474051e-4
160010104032,Block Group 2; Census Tract 104.03; Ada County; Idaho,1875,1737,0,0,24,116808,0.12855450698553425,9.827952236486984e-4
160010104033,Block Group 3; Census Tract 104.03; Ada County; Idaho,1124,759,38,167,33,178462,0.36364392641389026,5.564150130481273e-4
160010104041,Block Group 1; Census Tract 104.04; Ada County; Idaho,2214,1395,0,0,753,98819,0.1537177149172268,0.001198775775353438
160010104042,Block Group 2; Census Tract 104.04; Ada County; Idaho,1102,1040,0,0,62,95070,0.060109293725052346,6.150143875416614e-4
160010104043,Block Group 3; Census Tract 104.04; Ada County; Idaho,622,590,0,0,0,52476,0.1763275955554103,3.292726757255719e-4
160010104051,Block Group 1; Census Tract 104.05; Ada County; Idaho,2151,1705,0,36,355,89025,0.010784635524153902,0.0011697551327471164
160010104052,Block Group 2; Census Tract 104.05; Ada County; Idaho,732,634,0,0,43,93558,0.05306740294598041,3.7782644316307145e-4
160010104061,Block Group 1; Census Tract 104.06; Ada County; Idaho,1607,1534,0,0,53,47295,0.08952935342979308,8.856876887736992e-4
160010104062,Block Group 2; Census Tract 104.06; Ada County; Idaho,4064,3470,30,0,475,96703,0.015931145740555097,0.002218404891540929
160010104071,Block Group 1; Census Tract 104.07; Ada County; Idaho,1769,1372,0,0,144,111225,0.03179976109043306,8.460633498304525e-4
160010104072,Block Group 2; Census Tract 104.07; Ada County; Idaho,4218,3695,0,0,458,84129,0.025898691520906104,0.0023177447835394916
160010104073,Block Group 3; Census Tract 104.07; Ada County; Idaho,999,781,14,0,192,72439,0.02654801456325835,5.508341202392193e-4
160010104081,Block Group 1; Census Tract 104.08; Ada County; Idaho,1581,1332,3,0,242,78232,0.016877245848074596,8.801067959647912e-4
160010104082,Block Group 2; Census Tract 104.08; Ada County; Idaho,2606,2389,17,7,111,139342,0.05877219949309084,0.0014086173449683788
160010104083,Block Group 3; Census Tract 104.08; Ada County; Idaho,801,741,0,0,16,55760,0.11159324793167597,4.2247358563433544e-4
160010104091,Block Group 1; Census Tract 104.09; Ada County; Idaho,1755,1475,34,66,82,68155,0.06602810317459452,9.247539384360553e-4
160010104092,Block Group 2; Census Tract 104.09; Ada County; Idaho,923,769,0,18,77,67989,0.021473693890824975,4.82189138689651e-4
160010104093,Block Group 3; Census Tract 104.09; Ada County; Idaho,1837,1425,0,0,382,78098,0.03753008025754516,0.0010084673305696752
160010104101,Block Group 1; Census Tract 104.10; Ada County; Idaho,1849,1562,0,88,102,72368,0.06938057139810345,9.777724201206813e-4
160010104102,Block Group 2; Census Tract 104.10; Ada County; Idaho,1498,1046,0,77,208,93152,0.04955361852700903,7.428168328656545e-4
160010104103,Block Group 3; Census Tract 104.10; Ada County; Idaho,2597,1879,229,23,438,75197,0.15266567858071203,0.0014337313626084647
160010104111,Block Group 1; Census Tract 104.11; Ada County; Idaho,2085,1441,178,8,360,97143,0.16074883592377723,0.0011089234011300191
160010104112,Block Group 2; Census Tract 104.11; Ada County; Idaho,701,646,0,0,18,116000,0.10013000140507544,3.705712825114911e-4
160010105011,Block Group 1; Census Tract 105.01; Ada County; Idaho,8090,6035,164,43,1044,116818,0.013035386520437224,0.004066238500570367
160010105031,Block Group 1; Census Tract 105.03; Ada County; Idaho,1239,847,58,83,145,90000,0.12593027979955562,6.323151552492762e-4
160010105032,Block Group 2; Census Tract 105.03; Ada County; Idaho,975,624,40,12,202,133021,0.0793073490971213,4.900023886221222e-4
160010105033,Block Group 3; Census Tract 105.03; Ada County; Idaho,1143,794,0,179,54,170469,0.3313384904143572,5.731576914748514e-4
160010105034,Block Group 4; Census Tract 105.03; Ada County; Idaho,1840,1272,29,285,103,103167,0.30908600198897923,9.426127954245609e-4
160010105051,Block Group 1; Census Tract 105.05; Ada County; Idaho,1708,1234,0,127,18,90203,0.20411507135020807,7.696051183484129e-4
160010105052,Block Group 2; Census Tract 105.05; Ada County; Idaho,872,511,0,54,232,141875,0.14855668886254347,4.447971568699674e-4
160010105061,Block Group 1; Census Tract 105.06; Ada County; Idaho,1623,1296,0,78,132,132321,0.05051602274459345,8.404824570215444e-4
160010105062,Block Group 2; Census Tract 105.06; Ada County; Idaho,2393,1890,0,318,69,110385,0.2714184584843886,0.001270769292588351
160039501001,Block Group 1; Census Tract 9501; Adams County; Idaho,1117,1055,3,0,27,68750,0.09837713989330561,6.055268697665178e-4
160039501002,Block Group 2; Census Tract 9501; Adams County; Idaho,652,568,0,0,54,108182,0.036045099762530765,3.471315327140775e-4
160039502001,Block Group 1; Census Tract 9502; Adams County; Idaho,695,571,0,0,36,62273,0.05703746643936795,3.3876019350071547e-4
160039502002,Block Group 2; Census Tract 9502; Adams County; Idaho,1254,1070,8,0,56,57877,0.05959238105622702,6.32873244530167e-4
160039502003,Block Group 3; Census Tract 9502; Adams County; Idaho,881,820,0,0,37,43158,0.07542043134078537,4.7828251372341544e-4
160050002001,Block Group 1; Census Tract 2; Bannock County; Idaho,1259,1104,0,0,19,120139,0.12070776112697584,6.267342624403682e-4
160050002002,Block Group 2; Census Tract 2; Bannock County; Idaho,1676,1592,0,0,27,98214,0.12126102987905035,9.035465457622048e-4
160050002003,Block Group 3; Census Tract 2; Bannock County; Idaho,1351,1211,0,0,60,81534,0.07030823835408671,7.093314760122065e-4
160050003011,Block Group 1; Census Tract 3.01; Bannock County; Idaho,979,855,0,23,29,37206,0.07911689736839735,5.061869777679554e-4
160050003012,Block Group 2; Census Tract 3.01; Bannock County; Idaho,1911,1183,0,0,688,66061,0.17438101969104786,0.0010441850445466864
160050003013,Block Group 3; Census Tract 3.01; Bannock County; Idaho,1096,886,0,0,173,40521,0.022462253369745944,5.91016548463357e-4
160050003021,Block Group 1; Census Tract 3.02; Bannock County; Idaho,3380,2961,12,12,281,118882,0.021257758117784634,0.0018227195913893522
160050003022,Block Group 2; Census Tract 3.02; Bannock County; Idaho,1213,944,0,11,247,84485,0.022707765929878485,6.708233156307413e-4
160050003023,Block Group 3; Census Tract 3.02; Bannock County; Idaho,827,539,19,0,210,53915,0.08690877588970558,4.2861256772413423e-4
160050004001,Block Group 1; Census Tract 4; Bannock County; Idaho,1488,1301,0,52,72,109191,0.062320945479337,7.952772252693897e-4
160050004002,Block Group 2; Census Tract 4; Bannock County; Idaho,2642,2256,0,0,137,82993,0.05909343123079155,0.001335507649171684
160050004003,Block Group 3; Census Tract 4; Bannock County; Idaho,2958,1890,0,0,480,96709,0.033627921813045615,0.0013226715957111955
160050005001,Block Group 1; Census Tract 5; Bannock County; Idaho,1956,1614,0,0,240,88359,0.021847277490397006,0.0010346975267715428
160050006001,Block Group 1; Census Tract 6; Bannock County; Idaho,1303,1018,25,0,119,40417,0.029289459451116075,6.484997443951093e-4
160050006002,Block Group 2; Census Tract 6; Bannock County; Idaho,2202,1577,0,31,336,83183,0.011278668797946687,0.0010849255620517149
160050007001,Block Group 1; Census Tract 7; Bannock County; Idaho,1916,1557,60,76,141,44219,0.05985946615057263,0.0010235357411537268
160050007002,Block Group 2; Census Tract 7; Bannock County; Idaho,1227,893,30,57,82,38846,0.06855129056385757,5.926908163060294e-4
160050007003,Block Group 3; Census Tract 7; Bannock County; Idaho,1249,1010,29,15,87,80847,0.03282961374221233,6.367798694964026e-4
160050008001,Block Group 1; Census Tract 8; Bannock County; Idaho,1237,1029,3,42,98,30518,0.02924014118608127,6.540806372040173e-4
160050008002,Block Group 2; Census Tract 8; Bannock County; Idaho,2005,1370,28,204,354,34732,0.1423242261799247,0.0010916226334224044
160050009001,Block Group 1; Census Tract 9; Bannock County; Idaho,1040,947,8,0,11,61389,0.12583941144852553,5.391142453405126e-4
160050009002,Block Group 2; Census Tract 9; Bannock County; Idaho,1131,713,22,19,239,24471,0.04904306702230235,5.541826559245642e-4
160050010001,Block Group 1; Census Tract 10; Bannock County; Idaho,1403,1125,21,13,157,51976,0.006325383442385243,7.344454936522926e-4
160050010002,Block Group 2; Census Tract 10; Bannock County; Idaho,544,509,0,0,0,28125,0.1763275955554103,2.840674439734171e-4
160050010003,Block Group 3; Census Tract 10; Bannock County; Idaho,1182,849,0,0,305,38180,0.07016874266656174,6.440350301479829e-4
160050011021,Block Group 1; Census Tract 11.02; Bannock County; Idaho,1034,869,0,99,15,65938,0.2153343775851032,5.486017631156562e-4
160050011022,Block Group 2; Census Tract 11.02; Bannock County; Idaho,2693,2350,4,84,168,98750,0.04101228622053308,0.0014543806660014243
160050011023,Block Group 3; Census Tract 11.02; Bannock County; Idaho,563,416,0,33,97,36182,0.058909422773228255,3.047167473663767e-4
160050011031,Block Group 1; Census Tract 11.03; Bannock County; Idaho,1857,1627,0,0,212,105857,0.024502469801393686,0.0010263261875581807
160050011032,Block Group 2; Census Tract 11.03; Bannock County; Idaho,1895,1629,0,47,161,107775,0.024537340311577425,0.0010252100089963993
160050011033,Block Group 3; Census Tract 11.03; Bannock County; Idaho,1057,898,0,0,59,101625,0.054788873489665366,5.340914418124954e-4
160050011041,Block Group 1; Census Tract 11.04; Bannock County; Idaho,1048,986,0,28,26,158056,0.09196525106303029,5.804128521264318e-4
160050011042,Block Group 2; Census Tract 11.04; Bannock County; Idaho,2287,1541,0,150,380,84055,0.08135300436953088,0.0011558029007248463
160050012001,Block Group 1; Census Tract 12; Bannock County; Idaho,1040,877,0,0,91,67344,0.03226606931465354,5.402304239022942e-4
160050012002,Block Group 2; Census Tract 12; Bannock County; Idaho,834,710,21,0,69,52946,0.04200620197321957,4.4647142471263983e-4
160050012003,Block Group 3; Census Tract 12; Bannock County; Idaho,1658,1316,0,144,171,82000,0.10389711106227408,9.102436171328944e-4
160050013001,Block Group 1; Census Tract 13; Bannock County; Idaho,603,566,2,0,8,49656,0.1213195408390428,3.2145942579310066e-4
160050013002,Block Group 2; Census Tract 13; Bannock County; Idaho,656,540,0,10,0,94583,0.16051168109636135,3.0694910448993986e-4
160050013003,Block Group 3; Census Tract 13; Bannock County; Idaho,1127,801,91,0,128,40350,0.1580396285985514,5.692510665086158e-4
160050014001,Block Group 1; Census Tract 14; Bannock County; Idaho,396,320,0,0,46,49758,0.022371979215920795,2.042606768060327e-4
160050014002,Block Group 2; Census Tract 14; Bannock County; Idaho,1264,843,177,13,158,46546,0.3187050127104355,6.646843335409425e-4
160050014003,Block Group 3; Census Tract 14; Bannock County; Idaho,1171,1088,0,29,46,74659,0.06763552029615066,6.490578336760002e-4
160050014004,Block Group 4; Census Tract 14; Bannock County; Idaho,1535,1050,0,21,312,38945,0.032702004781351296,7.718374754719761e-4
160050015001,Block Group 1; Census Tract 15; Bannock County; Idaho,1352,947,0,0,340,97889,0.07007927043831554,7.182609045064593e-4
160050015002,Block Group 2; Census Tract 15; Bannock County; Idaho,2229,1868,0,0,228,53036,0.026367912809936552,0.0011697551327471164
160050015003,Block Group 3; Census Tract 15; Bannock County; Idaho,900,881,0,0,19,76346,0.11164446570867853,5.022803528017198e-4
160050015004,Block Group 4; Census Tract 15; Bannock County; Idaho,971,971,0,0,0,81413,0.1763275955554103,5.419046917449666e-4
160050015005,Block Group 5; Census Tract 15; Bannock County; Idaho,782,686,0,0,42,57091,0.05864529521561149,4.0628899648850227e-4
160050016011,Block Group 1; Census Tract 16.01; Bannock County; Idaho,1227,962,71,0,20,43850,0.19079576921920377,5.876680127780122e-4
160050016012,Block Group 2; Census Tract 16.01; Bannock County; Idaho,1513,1270,14,0,126,38750,0.027058638534349724,7.869058860560277e-4
160050016021,Block Group 1; Census Tract 16.02; Bannock County; Idaho,1925,1512,30,0,209,54700,0.020465120510807906,9.772143308397904e-4
160050016022,Block Group 2; Census Tract 16.02; Bannock County; Idaho,614,514,0,0,100,70250,0.0223888881695369,3.4266681846695105e-4
160050016023,Block Group 3; Census Tract 16.02; Bannock County; Idaho,1370,1300,49,0,12,56473,0.1578757360366732,7.595595112923785e-4
160050016031,Block Group 1; Census Tract 16.03; Bannock County; Idaho,876,766,0,0,97,30108,0.0252768525202288,4.8163104940876023e-4
160050016032,Block Group 2; Census Tract 16.03; Bannock County; Idaho,1681,1519,10,26,56,40243,0.0640725426741349,8.990818315150785e-4
160050017001,Block Group 1; Census Tract 17; Bannock County; Idaho,1154,1129,0,0,10,80682,0.14166973141057626,6.35663690934621e-4
160050017002,Block Group 2; Census Tract 17; Bannock County; Idaho,2421,2290,0,36,40,114265,0.10502996929976581,0.0013204392385876324
160050019001,Block Group 1; Census Tract 19; Bannock County; Idaho,1921,1736,0,0,129,85921,0.04819871661212918,0.0010408365088613416
160050019002,Block Group 2; Census Tract 19; Bannock County; Idaho,1004,883,0,3,101,60214,0.020873589824230848,5.508341202392193e-4
160050019003,Block Group 3; Census Tract 19; Bannock County; Idaho,901,759,0,10,38,75781,0.05548882192643935,4.503780496788754e-4
160050019004,Block Group 4; Census Tract 19; Bannock County; Idaho,1783,1587,0,2,45,79412,0.0950147024851715,9.119178849755668e-4
160059400001,Block Group 1; Census Tract 9400; Bannock County; Idaho,694,246,0,0,77,60556,0.05225238394476425,1.8026283772772832e-4
160059400002,Block Group 2; Census Tract 9400; Bannock County; Idaho,863,173,0,0,53,39293,0.0498830865213786,1.2612817748132075e-4
160059818001,Block Group 1; Census Tract 9818; Bannock County; Idaho,383,353,0,15,0,83125,0.1742464176717993,2.0537685536781432e-4
160079501001,Block Group 1; Census Tract 9501; Bear Lake County; Idaho,724,678,0,0,46,48929,0.05304889241586522,4.0405663936493905e-4
160079501002,Block Group 2; Census Tract 9501; Bear Lake County; Idaho,645,611,0,10,20,61125,0.07759704773999755,3.5773522905100264e-4
160079501003,Block Group 3; Census Tract 9501; Bear Lake County; Idaho,1076,981,0,0,15,66029,0.12505136932206978,5.558569237672366e-4
160079501004,Block Group 4; Census Tract 9501; Bear Lake County; Idaho,1131,1035,0,0,69,70536,0.05399765091436045,6.16130566103443e-4
160079502001,Block Group 1; Census Tract 9502; Bear Lake County; Idaho,748,724,0,0,0,94063,0.1763275955554103,4.0405663936493905e-4
160079502002,Block Group 2; Census Tract 9502; Bear Lake County; Idaho,1081,1025,18,7,26,68281,0.08833830688761968,6.005040662385005e-4
160079502003,Block Group 3; Census Tract 9502; Bear Lake County; Idaho,1147,1047,0,0,68,76250,0.05541677949670048,6.222695481932417e-4
160099400001,Block Group 1; Census Tract 9400; Benewah County; Idaho,1029,709,0,0,94,58661,0.02406465719897818,4.4814569255531225e-4
160099400002,Block Group 2; Census Tract 9400; Benewah County; Idaho,807,751,4,0,20,60625,0.0948240671877431,4.325191926903698e-4
160099400003,Block Group 3; Census Tract 9400; Benewah County; Idaho,1148,686,0,3,122,48750,0.012617688090182828,4.526104068024386e-4
160099400004,Block Group 4; Census Tract 9400; Benewah County; Idaho,875,804,0,0,21,82083,0.10315502078201225,4.6042365673490984e-4
160099400005,Block Group 5; Census Tract 9400; Benewah County; Idaho,1212,766,46,1,61,57692,0.09140038473345918,4.87770031498559e-4
160099501001,Block Group 1; Census Tract 9501; Benewah County; Idaho,1547,1460,0,0,0,50682,0.1763275955554103,8.148103501005677e-4
160099501002,Block Group 2; Census Tract 9501; Benewah County; Idaho,1145,1106,0,0,21,41071,0.1168860526790513,6.289666195639313e-4
160099501003,Block Group 3; Census Tract 9501; Benewah County; Idaho,1453,1374,23,0,16,82163,0.12885566567906812,7.885801538987001e-4
160099501004,Block Group 4; Census Tract 9501; Benewah County; Idaho,697,690,0,0,0,60867,0.1763275955554103,3.850816038146519e-4
160119400001,Block Group 1; Census Tract 9400; Bingham County; Idaho,1251,411,0,0,102,75139,0.03214250178365893,2.862998010969803e-4
160119400002,Block Group 2; Census Tract 9400; Bingham County; Idaho,1254,110,0,0,119,26477,0.41069135400107193,1.2780244532399314e-4
160119501011,Block Group 1; Census Tract 9501.01; Bingham County; Idaho,2172,2010,0,0,147,142723,0.04903820686448825,0.0012037985788814552
160119501012,Block Group 2; Census Tract 9501.01; Bingham County; Idaho,1746,1410,0,10,132,76723,0.02531809143143547,8.661545639425213e-4
160119501021,Block Group 1; Census Tract 9501.02; Bingham County; Idaho,1984,1738,0,0,232,69148,0.02389974050450311,0.0010994358833548755
160119501022,Block Group 2; Census Tract 9501.02; Bingham County; Idaho,1774,1510,0,0,238,106250,0.021222849126219717,9.75540062997118e-4
160119501023,Block Group 3; Census Tract 9501.02; Bingham County; Idaho,2088,1743,20,23,278,67308,7.512379006945698e-4,0.0011518962757586107
160119502001,Block Group 1; Census Tract 9502; Bingham County; Idaho,1843,1570,11,11,76,52602,0.05218316521321844,9.30892920525854e-4
160119502002,Block Group 2; Census Tract 9502; Bingham County; Idaho,982,741,0,28,172,80893,0.021769785762925112,5.251620133182426e-4
160119502003,Block Group 3; Census Tract 9502; Bingham County; Idaho,1210,973,0,3,154,63583,0.014166053049074798,6.306408874066037e-4
160119503001,Block Group 1; Census Tract 9503; Bingham County; Idaho,1089,992,0,0,60,131167,0.05931384262155073,5.871099234971214e-4
160119503002,Block Group 2; Census Tract 9503; Bingham County; Idaho,831,763,0,0,65,64741,0.041231389287642126,4.620979245775822e-4
160119503003,Block Group 3; Census Tract 9503; Bingham County; Idaho,974,876,0,0,88,63646,0.033622637810484655,5.37998066778731e-4
160119503004,Block Group 4; Census Tract 9503; Bingham County; Idaho,1194,370,0,0,802,59671,0.773114832314731,6.540806372040173e-4
160119503005,Block Group 5; Census Tract 9503; Bingham County; Idaho,1431,357,21,0,1041,80450,0.9181601082438762,7.919286895840449e-4
160119504001,Block Group 1; Census Tract 9504; Bingham County; Idaho,2818,1965,11,10,676,96622,0.04852341308364296,0.001485633665731309
160119504002,Block Group 2; Census Tract 9504; Bingham County; Idaho,1617,1264,0,0,254,79853,0.023113776080685555,8.47179528392234e-4
160119504003,Block Group 3; Census Tract 9504; Bingham County; Idaho,358,312,0,0,21,102973,0.05347970531889427,1.8584373053663633e-4
160119504004,Block Group 4; Census Tract 9504; Bingham County; Idaho,1316,915,0,0,379,77853,0.0939450753214459,7.22167529472695e-4
160119504005,Block Group 5; Census Tract 9504; Bingham County; Idaho,1481,1162,0,0,251,45885,0.025331618165532175,7.885801538987001e-4
160119505011,Block Group 1; Census Tract 9505.01; Bingham County; Idaho,2442,1755,32,0,442,113518,0.028152638626840948,0.0012439810071055927
160119505012,Block Group 2; Census Tract 9505.01; Bingham County; Idaho,988,712,27,21,179,106250,0.03237438368747326,5.24045834756461e-4
160119505021,Block Group 1; Census Tract 9505.02; Bingham County; Idaho,1680,1075,0,17,500,44010,0.10315743399679075,8.884781351781532e-4
160119505022,Block Group 2; Census Tract 9505.02; Bingham County; Idaho,1678,1014,0,0,543,34970,0.15161176492478304,8.689450103469753e-4
160119505023,Block Group 3; Census Tract 9505.02; Bingham County; Idaho,1953,1662,0,0,56,59625,0.09080539500431756,9.58797384570394e-4
160119506001,Block Group 1; Census Tract 9506; Bingham County; Idaho,1480,1298,0,0,171,112917,0.024222158315251763,8.198331536285849e-4
160119506002,Block Group 2; Census Tract 9506; Bingham County; Idaho,1434,987,0,9,350,75245,0.05645095114195746,7.511881720790165e-4
160119506003,Block Group 3; Census Tract 9506; Bingham County; Idaho,769,648,0,2,114,49545,0.014143154459319188,4.26380210600571e-4
160119506004,Block Group 4; Census Tract 9506; Bingham County; Idaho,1997,1472,0,65,444,70668,0.043511144067015166,0.0011055748654446745
160119507001,Block Group 1; Census Tract 9507; Bingham County; Idaho,1869,1672,0,0,178,95859,0.03122968320418948,0.0010324651696479797
160119507002,Block Group 2; Census Tract 9507; Bingham County; Idaho,2516,2094,0,0,331,108167,0.021201556553165343,0.0013533665061601894
160119507003,Block Group 3; Census Tract 9507; Bingham County; Idaho,774,737,11,2,24,81250,0.07960420331652052,4.31961103409479e-4
160139601011,Block Group 1; Census Tract 9601.01; Blaine County; Idaho,1562,809,0,0,744,48750,0.33842890959331345,8.66712653223412e-4
160139601012,Block Group 2; Census Tract 9601.01; Blaine County; Idaho,681,279,0,0,399,87083,0.5484417752562987,3.7838453244396224e-4
160139601021,Block Group 1; Census Tract 9601.02; Blaine County; Idaho,1796,1426,0,0,120,82644,0.041836609052738824,8.628060282571765e-4
160139601022,Block Group 2; Census Tract 9601.02; Blaine County; Idaho,691,568,0,76,0,82988,0.3005735347126973,3.5940949689367506e-4
160139601023,Block Group 3; Census Tract 9601.02; Blaine County; Idaho,754,710,0,0,14,NA,0.11536542318401967,4.0405663936493905e-4
160139602011,Block Group 1; Census Tract 9602.01; Blaine County; Idaho,1562,1317,0,0,245,135822,0.021642583923874078,8.717354567514292e-4
160139602012,Block Group 2; Census Tract 9602.01; Blaine County; Idaho,1205,1176,0,0,0,121950,0.1763275955554103,6.563129943275806e-4
160139602013,Block Group 3; Census Tract 9602.01; Blaine County; Idaho,3739,2253,0,0,1223,59207,0.15521779402950364,0.00193991834037642
160139602021,Block Group 1; Census Tract 9602.02; Blaine County; Idaho,822,465,0,19,261,71061,0.151176390107309,4.1577651426364585e-4
160139602022,Block Group 2; Census Tract 9602.02; Blaine County; Idaho,2891,1616,0,0,1068,69306,0.21380502337746998,0.0014979116299109066
160139602023,Block Group 3; Census Tract 9602.02; Blaine County; Idaho,1241,1163,0,0,24,157865,0.11349562007689207,6.624519764173793e-4
160139603011,Block Group 1; Census Tract 9603.01; Blaine County; Idaho,542,493,0,23,26,70000,0.07109320759313585,3.024843902428135e-4
160139603012,Block Group 2; Census Tract 9603.01; Blaine County; Idaho,494,485,0,0,9,100465,0.11779556040417664,2.756961047600551e-4
160139603013,Block Group 3; Census Tract 9603.01; Blaine County; Idaho,1141,956,25,0,92,111078,0.038838117854864254,5.988297983958281e-4
160139603021,Block Group 1; Census Tract 9603.02; Blaine County; Idaho,738,675,0,0,3,71310,0.15581904726118234,3.7838453244396224e-4
160139603022,Block Group 2; Census Tract 9603.02; Blaine County; Idaho,1314,1268,0,0,37,81487,0.09792329623614289,7.283065115624937e-4
160139605011,Block Group 1; Census Tract 9605.01; Blaine County; Idaho,1144,330,0,0,740,64341,0.7918747973453473,5.971555305531558e-4
160139605012,Block Group 2; Census Tract 9605.01; Blaine County; Idaho,839,559,11,0,216,81364,0.07580504757762818,4.386581747801686e-4
160139605021,Block Group 1; Census Tract 9605.02; Blaine County; Idaho,966,883,68,0,0,92206,0.25846593197801054,5.307429061271506e-4
160139605022,Block Group 2; Census Tract 9605.02; Blaine County; Idaho,457,445,0,9,0,161071,0.16081383179293746,2.533725335244231e-4
160159502011,Block Group 1; Census Tract 9502.01; Boise County; Idaho,542,496,2,0,9,89167,0.11186720483287023,2.8295126541163547e-4
160159502012,Block Group 2; Census Tract 9502.01; Boise County; Idaho,1508,1275,0,76,116,101071,0.05530589205393649,8.187169750668033e-4
160159502021,Block Group 1; Census Tract 9502.02; Boise County; Idaho,694,621,14,0,33,64130,0.06656237090221678,3.7280363963505423e-4
160159502022,Block Group 2; Census Tract 9502.02; Boise County; Idaho,698,639,0,0,9,56860,0.12790673619185444,3.616418540172383e-4
160159502023,Block Group 3; Census Tract 9502.02; Boise County; Idaho,919,866,0,15,16,76761,0.10298563857932777,5.006060849590474e-4
160159502031,Block Group 1; Census Tract 9502.03; Boise County; Idaho,1075,864,0,19,52,70000,0.046563898890040596,5.218134776328978e-4
160159502032,Block Group 2; Census Tract 9502.03; Boise County; Idaho,1820,1408,1,13,109,80524,0.031027289445074806,8.544346890438145e-4
160159502033,Block Group 3; Census Tract 9502.03; Boise County; Idaho,789,679,0,0,39,101797,0.062159919805551675,4.0070810367959426e-4
160179501001,Block Group 1; Census Tract 9501; Bonner County; Idaho,858,788,0,0,30,54777,0.08450442644565842,4.565170317686742e-4
160179501002,Block Group 2; Census Tract 9501; Bonner County; Idaho,695,649,0,0,10,36979,0.12477789765587796,3.6778083610703707e-4
160179501003,Block Group 3; Census Tract 9501; Bonner County; Idaho,676,620,0,0,7,73056,0.1349522820404772,3.499219791185315e-4
160179501004,Block Group 4; Census Tract 9501; Bonner County; Idaho,465,428,0,0,0,120278,0.1763275955554103,2.388622122212623e-4
160179502011,Block Group 1; Census Tract 9502.01; Bonner County; Idaho,1034,982,0,47,0,63782,0.1793106486947577,5.742738700366329e-4
160179502012,Block Group 2; Census Tract 9502.01; Bonner County; Idaho,1706,1511,0,75,56,40962,0.09302307432998072,9.163825992226933e-4
160179502021,Block Group 1; Census Tract 9502.02; Bonner County; Idaho,1003,978,9,0,12,86053,0.12420134691318438,5.57531191609909e-4
160179502022,Block Group 2; Census Tract 9502.02; Bonner County; Idaho,1742,1620,0,0,68,79789,0.07932340771109377,9.4205470614367e-4
160179502031,Block Group 1; Census Tract 9502.03; Bonner County; Idaho,830,801,4,0,0,75395,0.16861599319123408,4.4926187111709383e-4
160179502032,Block Group 2; Census Tract 9502.03; Bonner County; Idaho,1735,1242,84,0,293,47143,0.07930351088567109,9.035465457622048e-4
160179502033,Block Group 3; Census Tract 9502.03; Bonner County; Idaho,2177,2046,0,21,66,70833,0.07917307667201076,0.001190404436140076
160179503001,Block Group 1; Census Tract 9503; Bonner County; Idaho,1461,1279,0,0,85,85264,0.05416741415344984,7.612337791350509e-4
160179503002,Block Group 2; Census Tract 9503; Bonner County; Idaho,972,723,16,1,121,44236,0.015650887286465083,4.805148708469786e-4
160179503003,Block Group 3; Census Tract 9503; Bonner County; Idaho,655,569,2,0,68,43661,0.021198303807634718,3.5661905048922106e-4
160179503004,Block Group 4; Census Tract 9503; Bonner County; Idaho,938,892,1,1,31,90625,0.08208933317601753,5.162325848239898e-4
160179504011,Block Group 1; Census Tract 9504.01; Bonner County; Idaho,1516,1369,0,0,0,NA,0.1763275955554103,7.640242255395049e-4
160179504021,Block Group 1; Census Tract 9504.02; Bonner County; Idaho,755,722,0,2,12,93563,0.11461459135899317,4.1075371073562864e-4
160179504022,Block Group 2; Census Tract 9504.02; Bonner County; Idaho,1782,1607,0,45,106,62963,0.044276797642309094,9.81120955806026e-4
160179504023,Block Group 3; Census Tract 9504.02; Bonner County; Idaho,1104,958,0,0,63,97516,0.05473891239239393,5.698091557895066e-4
160179504031,Block Group 1; Census Tract 9504.03; Bonner County; Idaho,1714,1558,7,3,11,64125,0.13391577059733906,8.812229745265729e-4
160179504032,Block Group 2; Census Tract 9504.03; Bonner County; Idaho,1201,1026,6,47,89,104750,0.036345243005204274,6.518482800804542e-4
160179505001,Block Group 1; Census Tract 9505; Bonner County; Idaho,1217,1088,0,0,13,59906,0.1332338323123773,6.144562982607706e-4
160179505002,Block Group 2; Census Tract 9505; Bonner County; Idaho,702,659,0,7,0,50268,0.16138381079131423,3.7168746107327265e-4
160179505003,Block Group 3; Census Tract 9505; Bonner County; Idaho,1012,999,0,0,6,67500,0.15044935738616716,5.608797272952538e-4
160179505004,Block Group 4; Census Tract 9505; Bonner County; Idaho,885,748,0,0,63,52269,0.0417936019400077,4.526104068024386e-4
160179506001,Block Group 1; Census Tract 9506; Bonner County; Idaho,398,398,0,0,0,133000,0.1763275955554103,2.221195337945383e-4
160179506002,Block Group 2; Census Tract 9506; Bonner County; Idaho,1102,1008,0,0,0,53864,0.1763275955554103,5.625539951379262e-4
160179506003,Block Group 3; Census Tract 9506; Bonner County; Idaho,427,426,0,0,0,72833,0.1763275955554103,2.3774603365948072e-4
160179506004,Block Group 4; Census Tract 9506; Bonner County; Idaho,276,210,0,0,2,51169,0.13976797494887627,1.1831492754884956e-4
160179507011,Block Group 1; Census Tract 9507.01; Bonner County; Idaho,1439,1227,0,0,84,86944,0.05256390390996899,7.316550472478386e-4
160179507012,Block Group 2; Census Tract 9507.01; Bonner County; Idaho,677,613,0,13,4,45714,0.13401860543243407,3.5159624696120385e-4
160179507013,Block Group 3; Census Tract 9507.01; Bonner County; Idaho,1239,1085,0,0,38,51762,0.08883378757010085,6.267342624403682e-4
160179507021,Block Group 1; Census Tract 9507.02; Bonner County; Idaho,1137,998,0,0,46,55212,0.0742629186353174,5.82645209249995e-4
160179507022,Block Group 2; Census Tract 9507.02; Bonner County; Idaho,1485,1224,0,0,28,42778,0.109108827431045,6.987277796752814e-4
160179508011,Block Group 1; Census Tract 9508.01; Bonner County; Idaho,1574,1552,0,7,0,67943,0.16611123274731288,8.700611889087569e-4
160179508012,Block Group 2; Census Tract 9508.01; Bonner County; Idaho,1534,1428,0,0,97,93547,0.0529848502547979,8.510861533584697e-4
160179508013,Block Group 3; Census Tract 9508.01; Bonner County; Idaho,751,704,0,0,9,66713,0.13110630242962326,3.9791765727514026e-4
160179508021,Block Group 1; Census Tract 9508.02; Bonner County; Idaho,1445,1287,0,1,31,44583,0.10381064531706856,7.361197614949649e-4
160179508022,Block Group 2; Census Tract 9508.02; Bonner County; Idaho,1112,1024,0,0,0,47059,0.1763275955554103,5.714834236321789e-4
160179508023,Block Group 3; Census Tract 9508.02; Bonner County; Idaho,857,815,0,0,20,79338,0.10599851293606864,4.6600454954381785e-4
160179509011,Block Group 1; Census Tract 9509.01; Bonner County; Idaho,1160,1117,0,26,0,114286,0.1616888236054009,6.378960480581842e-4
160179509012,Block Group 2; Census Tract 9509.01; Bonner County; Idaho,479,465,0,0,14,96705,0.09640491080292102,2.673247655466931e-4
160179509021,Block Group 1; Census Tract 9509.02; Bonner County; Idaho,1424,1305,0,9,38,58690,0.08602759568520804,7.545367077643613e-4
160179509022,Block Group 2; Census Tract 9509.02; Bonner County; Idaho,2105,1832,0,0,183,93250,0.03386452545369654,0.0011245499009949617
160199701001,Block Group 1; Census Tract 9701; Bonneville County; Idaho,1290,1206,0,0,53,67663,0.07685078387326287,7.02634404641517e-4
160199701002,Block Group 2; Census Tract 9701; Bonneville County; Idaho,2775,2401,0,18,278,176500,0.016557501093289354,0.001505166790562487
160199701003,Block Group 3; Census Tract 9701; Bonneville County; Idaho,1250,1222,0,0,17,62419,0.1283246564821111,6.91472619023701e-4
160199701004,Block Group 4; Census Tract 9701; Bonneville County; Idaho,1371,1371,0,0,0,111205,0.1763275955554103,7.651404041012865e-4
160199703001,Block Group 1; Census Tract 9703; Bonneville County; Idaho,2068,2000,0,0,25,108155,0.1318231100058985,0.0011301307938038697
160199703002,Block Group 2; Census Tract 9703; Bonneville County; Idaho,1937,1692,10,0,176,85179,0.025037992367271972,0.001048091669512922
160199703003,Block Group 3; Census Tract 9703; Bonneville County; Idaho,1959,1709,3,0,41,86673,0.10264742341326548,9.78330509401572e-4
160199703004,Block Group 4; Census Tract 9703; Bonneville County; Idaho,911,666,0,0,173,75781,0.03518290930401866,4.68236906667381e-4
160199704011,Block Group 1; Census Tract 9704.01; Bonneville County; Idaho,2540,2280,0,42,178,126654,0.03187105729894151,0.0013952232022269994
160199704012,Block Group 2; Census Tract 9704.01; Bonneville County; Idaho,768,553,0,8,134,51250,0.01707682387477501,3.878720502191058e-4
160199704021,Block Group 1; Census Tract 9704.02; Bonneville County; Idaho,3612,2884,0,0,615,91489,0.024873945858255437,0.0019527543938369085
160199704022,Block Group 2; Census Tract 9704.02; Bonneville County; Idaho,3841,3611,0,25,138,93938,0.07242451406634458,0.0021062289460818786
160199704041,Block Group 1; Census Tract 9704.04; Bonneville County; Idaho,1320,829,0,0,428,55750,0.14219685652450467,7.015182260797354e-4
160199704042,Block Group 2; Census Tract 9704.04; Bonneville County; Idaho,2189,1757,10,12,366,83542,0.006670062203660614,0.0011971015075107655
160199704043,Block Group 3; Census Tract 9704.04; Bonneville County; Idaho,1275,717,0,0,364,56947,0.13799975409256296,6.032945126429545e-4
160199704051,Block Group 1; Census Tract 9704.05; Bonneville County; Idaho,4567,3258,65,5,928,89386,0.03414103019609167,0.002375227979471244
160199704052,Block Group 2; Census Tract 9704.05; Bonneville County; Idaho,3784,3300,2,32,373,107927,0.014293506972990398,0.002068836964262195
160199704053,Block Group 3; Census Tract 9704.05; Bonneville County; Idaho,1473,1473,0,0,0,81299,0.1763275955554103,8.220655107521481e-4
160199705021,Block Group 1; Census Tract 9705.02; Bonneville County; Idaho,2063,1688,0,43,306,73023,0.009434110186021008,0.0011368278651745591
160199705022,Block Group 2; Census Tract 9705.02; Bonneville County; Idaho,1216,1173,0,0,43,65395,0.08647876224175824,6.786365655632125e-4
160199705023,Block Group 3; Census Tract 9705.02; Bonneville County; Idaho,2223,2081,0,14,79,94830,0.07292059850732034,0.0012132860966565988
160199705031,Block Group 1; Census Tract 9705.03; Bonneville County; Idaho,2376,1568,0,0,727,92689,0.11684615288784334,0.0012808148996443856
160199705032,Block Group 2; Census Tract 9705.03; Bonneville County; Idaho,2508,2141,0,0,311,70136,0.022197927678643592,0.001368434916744241
160199705033,Block Group 3; Census Tract 9705.03; Bonneville County; Idaho,2702,2537,23,67,15,134320,0.1297116111483217,0.0014744718801134931
160199705041,Block Group 1; Census Tract 9705.04; Bonneville County; Idaho,1869,1488,0,0,251,101588,0.020977432502795813,9.705172594691008e-4
160199705042,Block Group 2; Census Tract 9705.04; Bonneville County; Idaho,1523,1462,0,11,33,NA,0.09712213530132813,8.404824570215444e-4
160199705051,Block Group 1; Census Tract 9705.05; Bonneville County; Idaho,2476,2159,15,15,241,90525,0.01095168750890745,0.0013561569525646436
160199705052,Block Group 2; Census Tract 9705.05; Bonneville County; Idaho,2478,1865,0,37,546,42449,0.03124884322784155,0.0013662025596206779
160199706011,Block Group 1; Census Tract 9706.01; Bonneville County; Idaho,930,637,0,7,201,71161,0.040431181504222306,4.715854423527258e-4
160199706012,Block Group 2; Census Tract 9706.01; Bonneville County; Idaho,884,789,0,0,72,54967,0.03792935398470925,4.805148708469786e-4
160199706013,Block Group 3; Census Tract 9706.01; Bonneville County; Idaho,1133,1005,0,0,88,53090,0.03989337880963176,6.099915840136441e-4
160199706021,Block Group 1; Census Tract 9706.02; Bonneville County; Idaho,1540,1295,0,0,193,53322,0.02181640704119618,8.304368499655101e-4
160199706022,Block Group 2; Census Tract 9706.02; Bonneville County; Idaho,1126,868,0,0,250,41985,0.04367360199455489,6.239438160359141e-4
160199706023,Block Group 3; Census Tract 9706.02; Bonneville County; Idaho,2400,1759,61,10,539,50907,0.046610788682366934,0.0013221135064303048
160199706024,Block Group 4; Census Tract 9706.02; Bonneville County; Idaho,1455,755,0,112,416,59248,0.2248808846417712,7.160285473828961e-4
160199706031,Block Group 1; Census Tract 9706.03; Bonneville County; Idaho,2523,2275,9,4,176,78958,0.034648927994898854,0.0013751319881149307
160199707001,Block Group 1; Census Tract 9707; Bonneville County; Idaho,1590,1268,0,0,195,85000,0.021442156244391507,8.164846179432401e-4
160199707002,Block Group 2; Census Tract 9707; Bonneville County; Idaho,2312,1473,13,9,726,48796,0.11354324509748029,0.0012395162928584664
160199707003,Block Group 3; Census Tract 9707; Bonneville County; Idaho,1050,574,9,0,437,43798,0.25387390474160537,5.692510665086158e-4
160199707004,Block Group 4; Census Tract 9707; Bonneville County; Idaho,743,677,0,0,14,30714,0.11340872450391355,3.8563969309554267e-4
160199708001,Block Group 1; Census Tract 9708; Bonneville County; Idaho,981,783,0,0,37,83950,0.07290398512071825,4.5763321033045584e-4
160199708002,Block Group 2; Census Tract 9708; Bonneville County; Idaho,948,875,0,0,61,29844,0.051588015664703175,5.223715669137886e-4
160199708003,Block Group 3; Census Tract 9708; Bonneville County; Idaho,865,617,48,0,109,56858,0.09286005431298223,4.31961103409479e-4
160199708004,Block Group 4; Census Tract 9708; Bonneville County; Idaho,945,877,0,14,54,79255,0.04413510582351524,5.273943704418059e-4
160199709001,Block Group 1; Census Tract 9709; Bonneville County; Idaho,1066,1046,0,0,0,54133,0.1763275955554103,5.837613878117765e-4
160199709002,Block Group 2; Census Tract 9709; Bonneville County; Idaho,1106,760,0,9,181,74028,0.016679210417938652,5.301848168462597e-4
160199709003,Block Group 3; Census Tract 9709; Bonneville County; Idaho,2879,2381,41,8,374,89167,0.009373744992626987,0.0015648823436178027
160199710001,Block Group 1; Census Tract 9710; Bonneville County; Idaho,1246,762,0,0,439,52708,0.17167389118455312,6.702652263498505e-4
160199710002,Block Group 2; Census Tract 9710; Bonneville County; Idaho,645,591,0,0,45,75039,0.04692386311743169,3.5494478264654864e-4
160199710003,Block Group 3; Census Tract 9710; Bonneville County; Idaho,569,516,0,0,53,71771,0.032686345847736886,3.175528008268651e-4
160199710004,Block Group 4; Census Tract 9710; Bonneville County; Idaho,609,552,0,0,30,59375,0.06521121268001684,3.2480796147844545e-4
160199710005,Block Group 5; Census Tract 9710; Bonneville County; Idaho,1173,1032,0,8,74,121250,0.03803311225253236,6.21711458912351e-4
160199710006,Block Group 6; Census Tract 9710; Bonneville County; Idaho,715,561,22,13,72,59625,0.02954659605395017,3.7280363963505423e-4
160199711001,Block Group 1; Census Tract 9711; Bonneville County; Idaho,1062,715,22,0,178,62150,0.03662491952511339,5.106516920150818e-4
160199711002,Block Group 2; Census Tract 9711; Bonneville County; Idaho,674,508,22,0,130,NA,0.051071910092566015,3.6833892538792786e-4
160199711003,Block Group 3; Census Tract 9711; Bonneville County; Idaho,606,470,0,0,101,29050,0.02514446057820561,3.1866897938864666e-4
160199711004,Block Group 4; Census Tract 9711; Bonneville County; Idaho,877,802,0,0,38,58059,0.07275677482557041,4.687949959482718e-4
160199712001,Block Group 1; Census Tract 9712; Bonneville County; Idaho,966,555,0,0,387,50938,0.23183462758712803,5.257201025991334e-4
160199712002,Block Group 2; Census Tract 9712; Bonneville County; Idaho,807,628,0,0,144,37339,0.027830259115707065,4.3084492484769745e-4
160199712003,Block Group 3; Census Tract 9712; Bonneville County; Idaho,1867,1691,33,0,92,39890,0.06265444775551231,0.0010134901340976925
160199712004,Block Group 4; Census Tract 9712; Bonneville County; Idaho,1040,863,0,0,156,25910,0.021314697605686755,5.686929772277249e-4
160199713011,Block Group 1; Census Tract 9713.01; Bonneville County; Idaho,1267,883,0,0,182,72484,0.02379646627549601,5.943650841487018e-4
160199713012,Block Group 2; Census Tract 9713.01; Bonneville County; Idaho,2095,1261,0,58,734,77656,0.16270000570578375,0.001145757293668812
160199713013,Block Group 3; Census Tract 9713.01; Bonneville County; Idaho,1643,905,12,0,554,80659,0.1808671733206029,8.209493321903665e-4
160199713014,Block Group 4; Census Tract 9713.01; Bonneville County; Idaho,1095,753,0,0,89,73468,0.02740177878175744,4.6991117451005343e-4
160199713015,Block Group 5; Census Tract 9713.01; Bonneville County; Idaho,1631,947,0,0,684,111493,0.2441456732733798,9.102436171328944e-4
160199713021,Block Group 1; Census Tract 9713.02; Bonneville County; Idaho,1003,747,0,0,152,90114,0.023437687969134164,5.01722263520829e-4
160199713022,Block Group 2; Census Tract 9713.02; Bonneville County; Idaho,678,449,0,0,229,35625,0.13914392965904618,3.7838453244396224e-4
160199713023,Block Group 3; Census Tract 9713.02; Bonneville County; Idaho,1884,1671,0,15,126,89597,0.0347434322428823,0.0010112577769741291
160199713024,Block Group 4; Census Tract 9713.02; Bonneville County; Idaho,3043,2515,0,0,464,105380,0.021536111464883687,0.0016625479677736925
160199714011,Block Group 1; Census Tract 9714.01; Bonneville County; Idaho,1781,1182,0,21,566,78311,0.10928144066460194,9.87259937895825e-4
160199714012,Block Group 2; Census Tract 9714.01; Bonneville County; Idaho,2754,2212,0,15,489,103958,0.015635287308753916,0.0015157704868994121
160199714021,Block Group 1; Census Tract 9714.02; Bonneville County; Idaho,1528,1499,0,13,16,236000,0.12303258759219815,8.52760421201142e-4
160199714022,Block Group 2; Census Tract 9714.02; Bonneville County; Idaho,1905,1499,0,110,269,108152,0.04911752573969915,0.001048091669512922
160199714023,Block Group 3; Census Tract 9714.02; Bonneville County; Idaho,3025,2371,0,168,312,129554,0.05247605709073108,0.0015911125398196703
160199715001,Block Group 1; Census Tract 9715; Bonneville County; Idaho,739,492,0,138,109,89063,0.3437842831758961,4.1242797857830106e-4
160199715002,Block Group 2; Census Tract 9715; Bonneville County; Idaho,1289,1162,0,0,116,131268,0.033891615349006664,7.132381009784421e-4
160219701001,Block Group 1; Census Tract 9701; Boundary County; Idaho,2056,1946,8,9,65,75699,0.07479311011062126,0.0011318050616465419
160219701002,Block Group 2; Census Tract 9701; Boundary County; Idaho,2113,1871,0,66,94,58750,0.06385254696014102,0.0011334793294892143
160219701003,Block Group 3; Census Tract 9701; Boundary County; Idaho,2505,2320,0,1,57,61475,0.10402127982037511,0.0013271363099583218
160219701004,Block Group 4; Census Tract 9701; Boundary County; Idaho,701,665,0,12,0,79934,0.16045395686825742,3.7782644316307145e-4
160219702001,Block Group 1; Census Tract 9702; Boundary County; Idaho,1131,800,0,100,149,57907,0.11525382839619541,5.85435655654449e-4
160219702002,Block Group 2; Census Tract 9702; Boundary County; Idaho,1044,787,86,1,94,49083,0.15885840224357195,5.402304239022942e-4
160219702003,Block Group 3; Census Tract 9702; Boundary County; Idaho,975,817,0,0,78,49836,0.035855439443729806,4.994899063972658e-4
160219702004,Block Group 4; Census Tract 9702; Boundary County; Idaho,1237,1126,0,12,63,96853,0.05001902116123338,6.702652263498505e-4
160219702005,Block Group 5; Census Tract 9702; Boundary County; Idaho,933,708,0,0,106,70074,0.021755472017203178,4.5428467464511105e-4
160239701001,Block Group 1; Census Tract 9701; Butte County; Idaho,860,724,0,0,98,33750,0.023574729272389464,4.587493888922374e-4
160239701002,Block Group 2; Census Tract 9701; Butte County; Idaho,886,839,0,0,41,55952,0.07106491750108007,4.911185671839038e-4
160239701003,Block Group 3; Census Tract 9701; Butte County; Idaho,908,781,0,0,67,47750,0.040888651982974714,4.732597101953982e-4
160259701001,Block Group 1; Census Tract 9701; Camas County; Idaho,1155,880,0,0,164,55536,0.021666955892888456,5.82645209249995e-4
160270201001,Block Group 1; Census Tract 201; Canyon County; Idaho,1481,839,0,0,419,36923,0.13398717838076907,7.020763153606261e-4
160270202001,Block Group 1; Census Tract 202; Canyon County; Idaho,2963,1243,0,0,1548,54986,0.4783012450515383,0.0015576271829662223
160270202002,Block Group 2; Census Tract 202; Canyon County; Idaho,1858,829,0,0,931,41313,0.42823213733596743,9.822371343678076e-4
160270203001,Block Group 1; Census Tract 203; Canyon County; Idaho,2051,1606,20,0,306,55313,0.015162682321899408,0.0010782284906810252
160270203002,Block Group 2; Census Tract 203; Canyon County; Idaho,2424,1460,0,28,909,45316,0.17919174464664717,0.0013377400062952471
160270204031,Block Group 1; Census Tract 204.03; Canyon County; Idaho,1368,976,0,7,324,70455,0.04870127891728977,7.294226901242753e-4
160270204032,Block Group 2; Census Tract 204.03; Canyon County; Idaho,1820,1416,24,10,202,76051,0.0069102298230821904,9.219634920316013e-4
160270204033,Block Group 3; Census Tract 204.03; Canyon County; Idaho,1496,1310,0,0,159,122614,0.02654272295616002,8.198331536285849e-4
160270204041,Block Group 1; Census Tract 204.04; Canyon County; Idaho,1428,666,0,0,680,70417,0.3842028954304236,7.511881720790165e-4
160270204042,Block Group 2; Census Tract 204.04; Canyon County; Idaho,2112,1480,85,46,442,65223,0.06593844017743147,0.001145757293668812
160270204043,Block Group 3; Census Tract 204.04; Canyon County; Idaho,848,544,0,0,284,68571,0.14501867141246463,4.620979245775822e-4
160270204051,Block Group 1; Census Tract 204.05; Canyon County; Idaho,681,383,50,0,67,51378,0.1865292596566928,2.790446404453999e-4
160270204052,Block Group 2; Census Tract 204.05; Canyon County; Idaho,2065,1797,0,0,238,72083,0.024090257897361588,0.0011357116866127777
160270204061,Block Group 1; Census Tract 204.06; Canyon County; Idaho,2478,1534,47,27,636,78043,0.07941519249926705,0.0012523523463189548
160270204062,Block Group 2; Census Tract 204.06; Canyon County; Idaho,2536,1726,0,0,677,70978,0.084182503378903,0.001341088541980592
160270205011,Block Group 1; Census Tract 205.01; Canyon County; Idaho,1240,688,0,0,546,106131,0.27889989621996025,6.886821726192469e-4
160270205012,Block Group 2; Census Tract 205.01; Canyon County; Idaho,1104,726,0,2,358,73333,0.12519423979281205,6.060849590474086e-4
160270205013,Block Group 3; Census Tract 205.01; Canyon County; Idaho,1528,1264,0,0,214,75170,0.020979927473539897,8.248559571566021e-4
160270205031,Block Group 1; Census Tract 205.03; Canyon County; Idaho,1410,1057,19,0,326,64688,0.0449384980602479,7.824411718089013e-4
160270205032,Block Group 2; Census Tract 205.03; Canyon County; Idaho,2190,1574,13,28,487,83310,0.02948385626304589,0.001173103668432461
160270205051,Block Group 1; Census Tract 205.05; Canyon County; Idaho,2158,1520,0,0,543,52639,0.06934441528187729,0.00115133818647772
160270205052,Block Group 2; Census Tract 205.05; Canyon County; Idaho,2148,987,0,0,1110,112705,0.4288978252174387,0.0011703132220280072
160270205061,Block Group 1; Census Tract 205.06; Canyon County; Idaho,1964,1352,45,0,499,36129,0.07718196563399835,0.0010581372765689563
160270205062,Block Group 2; Census Tract 205.06; Canyon County; Idaho,1250,1042,0,0,150,59957,0.022347729072642472,6.652424228218333e-4
160270206011,Block Group 1; Census Tract 206.01; Canyon County; Idaho,3020,1968,0,10,903,79590,0.10599497571003327,0.001607855218246394
160270206012,Block Group 2; Census Tract 206.01; Canyon County; Idaho,3814,2303,0,140,1142,74375,0.13029825044681032,0.0020007500719935174
160270206031,Block Group 1; Census Tract 206.03; Canyon County; Idaho,1936,1511,32,69,284,72053,0.019132091073214688,0.0010581372765689563
160270206032,Block Group 2; Census Tract 206.03; Canyon County; Idaho,1475,1335,0,0,112,100634,0.04198784214723082,8.075551894489873e-4
160270206033,Block Group 3; Census Tract 206.03; Canyon County; Idaho,1903,1103,39,0,695,44980,0.19608960445725784,0.0010252100089963993
160270206041,Block Group 1; Census Tract 206.04; Canyon County; Idaho,1062,716,26,0,238,66042,0.0661369830222436,5.469274952729838e-4
160270206042,Block Group 2; Census Tract 206.04; Canyon County; Idaho,1171,845,0,0,269,48036,0.05419509299208489,6.21711458912351e-4
160270207001,Block Group 1; Census Tract 207; Canyon County; Idaho,1276,757,0,0,440,67120,0.1742169891737499,6.680328692262873e-4
160270207002,Block Group 2; Census Tract 207; Canyon County; Idaho,1734,1508,0,130,68,85197,0.12833321557150107,9.521003131997044e-4
160270207003,Block Group 3; Census Tract 207; Canyon County; Idaho,1428,1111,0,8,267,75530,0.019410444613572303,7.735117433146485e-4
160270209031,Block Group 1; Census Tract 209.03; Canyon County; Idaho,2820,1760,0,0,1041,90982,0.17929928078737964,0.0015632080757751303
160270209032,Block Group 2; Census Tract 209.03; Canyon County; Idaho,2675,1752,0,9,890,120278,0.12960935583671696,0.0014794946836415102
160270209041,Block Group 1; Census Tract 209.04; Canyon County; Idaho,1258,1055,0,23,142,87375,0.010871714904448812,6.808689226867758e-4
160270209042,Block Group 2; Census Tract 209.04; Canyon County; Idaho,1678,727,0,26,379,108667,0.13082857248491614,6.317570659683853e-4
160270209043,Block Group 3; Census Tract 209.04; Canyon County; Idaho,1147,820,0,0,196,123033,0.029946966954493424,5.670187093850526e-4
160270209044,Block Group 4; Census Tract 209.04; Canyon County; Idaho,1223,1208,0,0,0,63333,0.1763275955554103,6.741718513160862e-4
160270209051,Block Group 1; Census Tract 209.05; Canyon County; Idaho,1780,1448,0,0,213,121402,0.022002459726788035,9.269862955596184e-4
160270209052,Block Group 2; Census Tract 209.05; Canyon County; Idaho,943,685,0,0,231,73679,0.06134713756895696,5.112097812959726e-4
160270209053,Block Group 3; Census Tract 209.05; Canyon County; Idaho,993,769,0,0,184,91723,0.030003794900640566,5.318590846889322e-4
160270209061,Block Group 1; Census Tract 209.06; Canyon County; Idaho,1006,739,0,40,196,102181,0.04061546341528576,5.441370488685298e-4
160270209062,Block Group 2; Census Tract 209.06; Canyon County; Idaho,946,946,0,0,0,126176,0.1763275955554103,5.279524597226966e-4
160270209063,Block Group 3; Census Tract 209.06; Canyon County; Idaho,3003,1695,134,0,1109,96753,0.24023202544771727,0.0016396663072571697
160270209064,Block Group 4; Census Tract 209.06; Canyon County; Idaho,1053,850,30,60,76,105917,0.07949260264172527,5.670187093850526e-4
160270209071,Block Group 1; Census Tract 209.07; Canyon County; Idaho,2392,1926,0,0,226,90027,0.0276443809548234,0.001201008132477001
160270209072,Block Group 2; Census Tract 209.07; Canyon County; Idaho,1490,1334,89,9,28,76719,0.16533734410547088,8.148103501005677e-4
160270209081,Block Group 1; Census Tract 209.08; Canyon County; Idaho,2162,1919,0,0,210,106722,0.030157419412151762,0.0011881720790165127
160270209082,Block Group 2; Census Tract 209.08; Canyon County; Idaho,2355,1667,0,0,606,78929,0.07193714023862971,0.001268536935464788
160270209091,Block Group 1; Census Tract 209.09; Canyon County; Idaho,1736,1487,0,23,204,64409,0.009550112793185597,9.565650274468309e-4
160270209092,Block Group 2; Census Tract 209.09; Canyon County; Idaho,2490,1660,12,12,799,82672,0.10751464475154707,0.0013857356844518558
160270209101,Block Group 1; Census Tract 209.10; Canyon County; Idaho,2406,2058,0,4,249,114332,0.02131081304039537,0.0012897443281386382
160270210031,Block Group 1; Census Tract 210.03; Canyon County; Idaho,2138,1370,0,31,659,115857,0.10993712221272146,0.0011496639186350476
160270210032,Block Group 2; Census Tract 210.03; Canyon County; Idaho,2075,1262,0,49,702,82345,0.1481997290488445,0.00112343372243318
160270210041,Block Group 1; Census Tract 210.04; Canyon County; Idaho,1363,867,0,0,496,62321,0.1696769850968699,7.606756898541601e-4
160270210042,Block Group 2; Census Tract 210.04; Canyon County; Idaho,984,207,0,37,686,70827,0.9688958052835417,5.190230312284438e-4
160270210043,Block Group 3; Census Tract 210.04; Canyon County; Idaho,3316,2055,0,66,887,79958,0.08859773332242123,0.0016787325569195257
160270210051,Block Group 1; Census Tract 210.05; Canyon County; Idaho,4399,2799,0,0,1418,92212,0.13748371305056814,0.0023534624975165026
160270210052,Block Group 2; Census Tract 210.05; Canyon County; Idaho,1392,694,0,0,678,56698,0.3645433674422272,7.656984933821773e-4
160270210053,Block Group 3; Census Tract 210.05; Canyon County; Idaho,1768,1051,0,0,568,71391,0.15403897236062306,9.035465457622048e-4
160270210061,Block Group 1; Census Tract 210.06; Canyon County; Idaho,1285,1229,0,0,18,68614,0.12656438760562716,6.959373332708274e-4
160270210062,Block Group 2; Census Tract 210.06; Canyon County; Idaho,1099,863,0,2,141,58640,0.015188224018129918,5.614378165761446e-4
160270210063,Block Group 3; Census Tract 210.06; Canyon County; Idaho,2559,1266,0,51,1242,51750,0.34710974786707316,0.0014281504697995567
160270210071,Block Group 1; Census Tract 210.07; Canyon County; Idaho,495,435,0,0,60,80968,0.023162646642673066,2.762541940409459e-4
160270210072,Block Group 2; Census Tract 210.07; Canyon County; Idaho,1650,1175,0,9,163,54196,0.011528189629216656,7.517462613599073e-4
160270210073,Block Group 3; Census Tract 210.07; Canyon County; Idaho,1643,1430,0,0,213,93587,0.021824044824396496,9.169406885035841e-4
160270210081,Block Group 1; Census Tract 210.08; Canyon County; Idaho,1039,375,0,0,566,72357,0.5766095256599922,5.251620133182426e-4
160270210082,Block Group 2; Census Tract 210.08; Canyon County; Idaho,3094,2010,21,54,844,74705,0.07443006218729487,0.0016346435037291527
160270210083,Block Group 3; Census Tract 210.08; Canyon County; Idaho,699,408,0,0,291,61231,0.23969519179420193,3.9010440734266904e-4
160270211011,Block Group 1; Census Tract 211.01; Canyon County; Idaho,793,540,0,0,253,108058,0.11915745657671992,4.4256479974640425e-4
160270211012,Block Group 2; Census Tract 211.01; Canyon County; Idaho,2921,1278,0,0,1604,73556,0.4821501728685348,0.001608413307527285
160270211013,Block Group 3; Census Tract 211.01; Canyon County; Idaho,2657,1763,0,0,678,46600,0.08085190450394775,0.0013622959346544423
160270211021,Block Group 1; Census Tract 211.02; Canyon County; Idaho,2696,1802,35,6,512,96513,0.030840653847563588,0.0013143002564978334
160270211022,Block Group 2; Census Tract 211.02; Canyon County; Idaho,603,440,0,0,127,94091,0.04387454015670254,3.164366222650835e-4
160270211031,Block Group 1; Census Tract 211.03; Canyon County; Idaho,1388,869,28,28,141,68006,0.020093231067925828,5.949231734295925e-4
160270211032,Block Group 2; Census Tract 211.03; Canyon County; Idaho,1977,1015,0,0,723,40515,0.23924208016590126,9.6995917018821e-4
160270211041,Block Group 1; Census Tract 211.04; Canyon County; Idaho,1211,1211,0,0,0,NA,0.1763275955554103,6.758461191587585e-4
160270211042,Block Group 2; Census Tract 211.04; Canyon County; Idaho,2868,2075,370,12,344,72032,0.26994858270618255,0.0015632080757751303
160270211043,Block Group 3; Census Tract 211.04; Canyon County; Idaho,1063,780,57,5,112,72333,0.07914280651945414,5.32417173969823e-4
160270211051,Block Group 1; Census Tract 211.05; Canyon County; Idaho,2125,1867,36,0,101,66463,0.06278248477800108,0.0011184109189051627
160270211052,Block Group 2; Census Tract 211.05; Canyon County; Idaho,1700,1420,13,14,66,68963,0.05276263516261565,8.4438908198778e-4
160270211053,Block Group 3; Census Tract 211.05; Canyon County; Idaho,2194,2166,0,0,0,100486,0.1763275955554103,0.0012088213824094723
160270212011,Block Group 1; Census Tract 212.01; Canyon County; Idaho,1344,601,0,161,343,61779,0.3563860046405636,6.166886553843337e-4
160270212012,Block Group 2; Census Tract 212.01; Canyon County; Idaho,3236,1854,0,53,1153,86364,0.17819652633511676,0.0017077531995258475
160270212021,Block Group 1; Census Tract 212.02; Canyon County; Idaho,1050,347,0,0,703,52594,0.7358325842059205,5.859937449353398e-4
160270212022,Block Group 2; Census Tract 212.02; Canyon County; Idaho,3268,1912,0,0,1017,63274,0.14984377076203087,0.0016346435037291527
160270213001,Block Group 1; Census Tract 213; Canyon County; Idaho,1989,577,0,0,1331,51375,0.8075059861027482,0.001064834347939646
160270213002,Block Group 2; Census Tract 213; Canyon County; Idaho,1223,639,36,0,527,41875,0.29802064399221406,6.708233156307413e-4
160270215001,Block Group 1; Census Tract 215; Canyon County; Idaho,2234,1705,80,35,345,40000,0.03344567733348116,0.0012082632931285815
160270215002,Block Group 2; Census Tract 215; Canyon County; Idaho,1896,563,11,62,994,51750,0.6260756714747314,9.096855278520037e-4
160270215003,Block Group 3; Census Tract 215; Canyon County; Idaho,1856,992,0,10,838,37838,0.29136441752314196,0.0010268842768390717
160270216001,Block Group 1; Census Tract 216; Canyon County; Idaho,1304,775,14,0,462,30319,0.17330455368853093,6.981696903943905e-4
160270216002,Block Group 2; Census Tract 216; Canyon County; Idaho,2061,1068,45,0,939,67367,0.31519635340880026,0.0011451992043879213
160270216003,Block Group 3; Census Tract 216; Canyon County; Idaho,1579,972,0,0,549,90764,0.16607450886800168,8.488537962349065e-4
160270217011,Block Group 1; Census Tract 217.01; Canyon County; Idaho,2096,1357,0,1,623,45393,0.1124743957940476,0.0011055748654446745
160270217012,Block Group 2; Census Tract 217.01; Canyon County; Idaho,2077,721,0,56,1256,95907,0.6277286769399549,0.001134595508050996
160270217013,Block Group 3; Census Tract 217.01; Canyon County; Idaho,1628,1361,0,0,163,72105,0.026968381370981086,8.505280640775789e-4
160270217021,Block Group 1; Census Tract 217.02; Canyon County; Idaho,1648,987,0,0,527,24651,0.15084436829624404,8.449471712686709e-4
160270217022,Block Group 2; Census Tract 217.02; Canyon County; Idaho,1801,685,0,0,868,40772,0.48690701611259246,8.66712653223412e-4
160270217023,Block Group 3; Census Tract 217.02; Canyon County; Idaho,2967,683,0,0,2233,42290,0.997669929235802,0.0016273883430775722
160270218011,Block Group 1; Census Tract 218.01; Canyon County; Idaho,654,433,0,23,76,109911,0.02819941270304704,2.969034974339055e-4
160270218012,Block Group 2; Census Tract 218.01; Canyon County; Idaho,1236,1106,0,10,110,61339,0.021537463631768,6.842174583721205e-4
160270218013,Block Group 3; Census Tract 218.01; Canyon County; Idaho,872,563,0,90,219,57209,0.18642794218936976,4.866538529367774e-4
160270218014,Block Group 4; Census Tract 218.01; Canyon County; Idaho,1648,844,0,13,679,60625,0.26936132131382595,8.572251354482685e-4
160270218021,Block Group 1; Census Tract 218.02; Canyon County; Idaho,1178,1128,0,0,23,95659,0.11399287502107763,6.423607623053106e-4
160270218022,Block Group 2; Census Tract 218.02; Canyon County; Idaho,2191,1662,0,103,420,86014,0.04464261531406894,0.0012194250787463975
160270219011,Block Group 1; Census Tract 219.01; Canyon County; Idaho,2411,2278,0,0,16,92063,0.14718317947237938,0.0012802568103634946
160270219012,Block Group 2; Census Tract 219.01; Canyon County; Idaho,2813,2076,37,0,513,51650,0.026795404067631833,0.0014655424516192403
160270219013,Block Group 3; Census Tract 219.01; Canyon County; Idaho,2456,1311,2,72,964,93963,0.2349468032341105,0.0013109517208124888
160270219041,Block Group 1; Census Tract 219.04; Canyon County; Idaho,760,379,0,0,317,65057,0.2994145699696895,3.8843013949999667e-4
160270219042,Block Group 2; Census Tract 219.04; Canyon County; Idaho,2989,1964,12,61,772,61020,0.064757627003942,0.0015676727900222566
160270219051,Block Group 1; Census Tract 219.05; Canyon County; Idaho,1468,1323,0,11,79,128011,0.04750879688162748,7.885801538987001e-4
160270219052,Block Group 2; Census Tract 219.05; Canyon County; Idaho,1842,1507,0,0,305,126500,0.023295462062081388,0.0010112577769741291
160270219053,Block Group 3; Census Tract 219.05; Canyon County; Idaho,856,739,0,11,0,63304,0.16039230467871335,4.1856696066809986e-4
160270219061,Block Group 1; Census Tract 219.06; Canyon County; Idaho,2328,2236,0,0,59,128885,0.10268434482854759,0.0012808148996443856
160270219062,Block Group 2; Census Tract 219.06; Canyon County; Idaho,1867,1112,0,0,668,92635,0.18389227128213478,9.933989199856236e-4
160270219063,Block Group 3; Census Tract 219.06; Canyon County; Idaho,1436,1356,0,0,41,107621,0.09619701757851104,7.796507254044473e-4
160270219071,Block Group 1; Census Tract 219.07; Canyon County; Idaho,2074,1468,0,0,107,97067,0.04921638069917757,8.789906174030096e-4
160270219072,Block Group 2; Census Tract 219.07; Canyon County; Idaho,1024,906,0,0,0,95341,0.1763275955554103,5.056288884870646e-4
160270221001,Block Group 1; Census Tract 221; Canyon County; Idaho,1411,1036,0,0,332,62045,0.0549770769318744,7.634661362586141e-4
160270221002,Block Group 2; Census Tract 221; Canyon County; Idaho,1706,1226,0,24,433,40139,0.053343665236553796,9.39264259739216e-4
160270221003,Block Group 3; Census Tract 221; Canyon County; Idaho,1846,1266,0,7,519,66875,0.08292729257607749,0.0010000959913563131
160270222001,Block Group 1; Census Tract 222; Canyon County; Idaho,1308,1207,0,0,58,78958,0.0719865842191755,7.059829403268617e-4
160270222002,Block Group 2; Census Tract 222; Canyon County; Idaho,1699,541,2,10,1013,55521,0.6726319993303497,8.739678138749925e-4
160270222003,Block Group 3; Census Tract 222; Canyon County; Idaho,2593,2065,0,7,369,96397,0.013846639387743479,0.0013622959346544423
160270223011,Block Group 1; Census Tract 223.01; Canyon County; Idaho,1597,1138,12,0,399,78000,0.05893220985817162,8.644802960998489e-4
160270223012,Block Group 2; Census Tract 223.01; Canyon County; Idaho,1622,1419,6,0,180,93889,0.018925392659770987,8.957332958297337e-4
160270223021,Block Group 1; Census Tract 223.02; Canyon County; Idaho,1318,1206,0,18,83,78080,0.038151471970671924,7.294226901242753e-4
160270223031,Block Group 1; Census Tract 223.03; Canyon County; Idaho,2589,2346,0,0,243,108359,0.032338362251439524,0.0014448931482262807
160270224001,Block Group 1; Census Tract 224; Canyon County; Idaho,2903,2375,6,8,213,83274,0.025980495543855276,0.0014521483088778611
160270224002,Block Group 2; Census Tract 224; Canyon County; Idaho,2283,1601,0,6,632,56953,0.07804619437503292,0.0012495618999145007
160299601001,Block Group 1; Census Tract 9601; Caribou County; Idaho,577,488,0,0,25,46285,0.06846987768328532,2.862998010969803e-4
160299601002,Block Group 2; Census Tract 9601; Caribou County; Idaho,585,585,0,0,0,NA,0.1763275955554103,3.264822293211179e-4
160299601003,Block Group 3; Census Tract 9601; Caribou County; Idaho,1328,992,0,2,295,70708,0.04180044137714464,7.19377083068241e-4
160299601004,Block Group 4; Census Tract 9601; Caribou County; Idaho,1077,1031,0,1,26,65862,0.10120729262612767,5.904584591824662e-4
160299601005,Block Group 5; Census Tract 9601; Caribou County; Idaho,851,747,0,0,27,76818,0.0872101782351773,4.31961103409479e-4
160299602001,Block Group 1; Census Tract 9602; Caribou County; Idaho,1016,1012,0,0,0,78594,0.1763275955554103,5.647863522614894e-4
160299602002,Block Group 2; Census Tract 9602; Caribou County; Idaho,1684,1607,0,0,26,55938,0.123011089100531,9.113597956946761e-4
160319501001,Block Group 1; Census Tract 9501; Cassia County; Idaho,560,370,0,0,190,61680,0.14084491281817457,3.1252999729884786e-4
160319501002,Block Group 2; Census Tract 9501; Cassia County; Idaho,1163,937,0,0,215,70893,0.027862431287297415,6.429188515862013e-4
160319501003,Block Group 3; Census Tract 9501; Cassia County; Idaho,1236,1189,0,0,44,53309,0.08598772074450584,6.881240833383561e-4
160319502001,Block Group 1; Census Tract 9502; Cassia County; Idaho,1880,1477,5,0,308,69063,0.018622338981447772,9.989798127945316e-4
160319502002,Block Group 2; Census Tract 9502; Cassia County; Idaho,1668,1194,11,0,425,54901,0.06114092763944125,9.096855278520037e-4
160319503001,Block Group 1; Census Tract 9503; Cassia County; Idaho,1342,973,0,17,297,78646,0.035422446006146,7.182609045064593e-4
160319503002,Block Group 2; Census Tract 9503; Cassia County; Idaho,2838,2282,0,26,394,74500,0.007981370141517036,0.001507957236966941
160319503003,Block Group 3; Census Tract 9503; Cassia County; Idaho,761,412,0,0,335,59034,0.28828133342660484,4.1689269282542743e-4
160319503004,Block Group 4; Census Tract 9503; Cassia County; Idaho,574,480,0,0,94,53636,0.02252303784331045,3.203432472313191e-4
160319504001,Block Group 1; Census Tract 9504; Cassia County; Idaho,986,269,0,0,710,NA,0.8817474970709189,5.46369405992093e-4
160319504002,Block Group 2; Census Tract 9504; Cassia County; Idaho,968,294,0,23,617,64167,0.727144743261085,5.21255388352007e-4
160319504003,Block Group 3; Census Tract 9504; Cassia County; Idaho,1500,772,0,0,592,50697,0.2659347425611064,7.612337791350509e-4
160319504004,Block Group 4; Census Tract 9504; Cassia County; Idaho,625,441,0,0,151,60135,0.06337762724765791,3.3038885428735346e-4
160319505001,Block Group 1; Census Tract 9505; Cassia County; Idaho,923,526,5,0,388,99886,0.24332495183931072,5.12884049138645e-4
160319505002,Block Group 2; Census Tract 9505; Cassia County; Idaho,974,370,0,0,577,81122,0.5938686756673188,5.285105490035874e-4
160319505003,Block Group 3; Census Tract 9505; Cassia County; Idaho,2411,1370,0,0,572,85875,0.09544125668469901,0.0010838093834899332
160319505004,Block Group 4; Census Tract 9505; Cassia County; Idaho,1943,1273,0,0,540,73209,0.09847690264402818,0.00101181586625502
160319506001,Block Group 1; Census Tract 9506; Cassia County; Idaho,1377,584,0,0,746,98750,0.49092306667676705,7.422587435847637e-4
160319506002,Block Group 2; Census Tract 9506; Cassia County; Idaho,1436,1207,0,8,213,83036,0.01049205633495714,7.969514931120621e-4
160339501001,Block Group 1; Census Tract 9501; Clark County; Idaho,776,460,0,0,238,52083,0.14273716422159793,3.8954631806177825e-4
160359400011,Block Group 1; Census Tract 9400.01; Clearwater County; Idaho,668,591,0,0,13,41667,0.11080247785173633,3.370859256580431e-4
160359400012,Block Group 2; Census Tract 9400.01; Clearwater County; Idaho,1410,1170,3,26,77,79250,0.036718818517015916,7.121219224166605e-4
160359400021,Block Group 1; Census Tract 9400.02; Clearwater County; Idaho,521,461,0,8,27,51250,0.046964525761544494,0.00027681228332183667
160359400022,Block Group 2; Census Tract 9400.02; Clearwater County; Idaho,884,742,0,19,49,44167,0.04300269807700086,4.5205231752154783e-4
160359400023,Block Group 3; Census Tract 9400.02; Clearwater County; Idaho,467,331,11,4,59,70179,0.016840808078563294,2.2602615876077392e-4
160359400024,Block Group 4; Census Tract 9400.02; Clearwater County; Idaho,695,639,4,8,4,65179,0.12644849986964576,3.6554847898347386e-4
160359400025,Block Group 5; Census Tract 9400.02; Clearwater County; Idaho,433,358,0,12,22,45357,0.05156290574102536,2.1877099810919352e-4
160359400026,Block Group 6; Census Tract 9400.02; Clearwater County; Idaho,656,535,0,10,101,77045,0.008269541355852948,3.6052567545545664e-4
160359701001,Block Group 1; Census Tract 9701; Clearwater County; Idaho,535,509,0,0,17,57959,0.09125119935565319,2.935549617485607e-4
160359701002,Block Group 2; Census Tract 9701; Clearwater County; Idaho,1326,1291,0,0,0,84271,0.1763275955554103,7.204932616300226e-4
160359701003,Block Group 3; Census Tract 9701; Clearwater County; Idaho,485,458,0,0,0,54769,0.1763275955554103,2.556048906479863e-4
160359701004,Block Group 4; Census Tract 9701; Clearwater County; Idaho,298,296,0,0,0,63750,0.1763275955554103,1.6519442714367673e-4
160359701005,Block Group 5; Census Tract 9701; Clearwater County; Idaho,543,509,0,0,10,26058,0.11551381952752185,2.896483367823251e-4
160379602001,Block Group 1; Census Tract 9602; Custer County; Idaho,552,552,0,0,0,78811,0.1763275955554103,3.080652830517215e-4
160379602002,Block Group 2; Census Tract 9602; Custer County; Idaho,1074,983,6,1,10,56978,0.12628027111059917,5.580892808907998e-4
160379602003,Block Group 3; Census Tract 9602; Custer County; Idaho,1153,907,0,116,54,37708,0.17564439819992114,6.010621555193914e-4
160379602004,Block Group 4; Census Tract 9602; Custer County; Idaho,1632,1502,6,0,67,58864,0.06949854905902268,8.789906174030096e-4
160399601001,Block Group 1; Census Tract 9601; Elmore County; Idaho,1131,1076,0,2,42,80938,0.07764496158206703,6.250599945976957e-4
160399601002,Block Group 2; Census Tract 9601; Elmore County; Idaho,1886,1418,0,3,355,48021,0.027437816604682436,9.911665628620605e-4
160399602011,Block Group 1; Census Tract 9602.01; Elmore County; Idaho,1797,1478,0,0,202,79808,0.023359591469705784,9.375899918965436e-4
160399602012,Block Group 2; Census Tract 9602.01; Elmore County; Idaho,1085,645,0,9,383,52865,0.16640727506061995,5.787385842837594e-4
160399602013,Block Group 3; Census Tract 9602.01; Elmore County; Idaho,2060,1701,6,21,188,55700,0.010451252156096085,0.0010692990621867723
160399602021,Block Group 1; Census Tract 9602.02; Elmore County; Idaho,1998,1485,0,19,359,57500,0.017258409566325773,0.0010397203302995601
160399602022,Block Group 2; Census Tract 9602.02; Elmore County; Idaho,2596,1989,83,36,402,61096,0.026922507436118574,0.0014008040950359074
160399603001,Block Group 1; Census Tract 9603; Elmore County; Idaho,952,813,14,0,77,70789,0.03203853902630213,5.04512709925283e-4
160399603002,Block Group 2; Census Tract 9603; Elmore County; Idaho,1395,1043,3,0,226,54000,0.020381918760120257,7.098895652930973e-4
160399603003,Block Group 3; Census Tract 9603; Elmore County; Idaho,746,587,0,6,130,45484,0.013775687557285586,4.0349855008404826e-4
160399603004,Block Group 4; Census Tract 9603; Elmore County; Idaho,1098,838,61,12,113,50714,0.07707136879278147,5.714834236321789e-4
160399604011,Block Group 1; Census Tract 9604.01; Elmore County; Idaho,801,456,0,22,278,51250,0.1765175410674963,4.2191549635344465e-4
160399604012,Block Group 2; Census Tract 9604.01; Elmore County; Idaho,2263,1117,226,75,739,58276,0.3676293796275889,0.0012037985788814552
160399604013,Block Group 3; Census Tract 9604.01; Elmore County; Idaho,2255,1614,0,72,430,89837,0.033792705368877,0.0011809169183649324
160399604021,Block Group 1; Census Tract 9604.02; Elmore County; Idaho,1977,1283,23,63,477,49350,0.06477433333239017,0.0010302328125244163
160399604022,Block Group 2; Census Tract 9604.02; Elmore County; Idaho,1808,1096,0,286,303,70493,0.30841219269115566,9.403804383009976e-4
160399605001,Block Group 1; Census Tract 9605; Elmore County; Idaho,1685,1093,78,71,252,86705,0.09355033300905004,8.337853856508549e-4
160399605002,Block Group 2; Census Tract 9605; Elmore County; Idaho,0,0,0,0,0,NA,NA,NA
160399605003,Block Group 3; Census Tract 9605; Elmore County; Idaho,1513,760,299,86,267,60817,0.6233547112179665,7.880220646178094e-4
160419701001,Block Group 1; Census Tract 9701; Franklin County; Idaho,985,879,0,0,75,54143,0.04115406085658421,5.32417173969823e-4
160419701002,Block Group 2; Census Tract 9701; Franklin County; Idaho,2339,2110,0,0,215,98897,0.03302031206487521,0.0012975575780711096
160419701003,Block Group 3; Census Tract 9701; Franklin County; Idaho,973,848,0,0,125,41136,0.021971698821759124,5.430208703067482e-4
160419701004,Block Group 4; Census Tract 9701; Franklin County; Idaho,1601,1453,0,4,111,89125,0.03983367056993378,8.750839924367741e-4
160419701005,Block Group 5; Census Tract 9701; Franklin County; Idaho,1893,1737,0,0,139,83827,0.04436366308275643,0.0010469754909511403
160419702001,Block Group 1; Census Tract 9702; Franklin County; Idaho,1027,869,0,0,0,51161,0.1763275955554103,4.84979585094105e-4
160419702002,Block Group 2; Census Tract 9702; Franklin County; Idaho,805,696,0,0,0,58125,0.1763275955554103,3.8843013949999667e-4
160419702003,Block Group 3; Census Tract 9702; Franklin County; Idaho,2625,2514,0,0,111,61969,0.076597955710418,0.0014649843623383493
160419702004,Block Group 4; Census Tract 9702; Franklin County; Idaho,1310,1088,0,0,215,78029,0.022718356466591386,7.271903330007121e-4
160419702005,Block Group 5; Census Tract 9702; Franklin County; Idaho,1157,1014,0,0,82,54303,0.043830443611984356,6.116658518563166e-4
160439701001,Block Group 1; Census Tract 9701; Fremont County; Idaho,1268,1226,0,0,9,89830,0.14619718685425026,6.892402619001378e-4
160439702001,Block Group 1; Census Tract 9702; Fremont County; Idaho,690,690,0,0,0,62333,0.1763275955554103,3.850816038146519e-4
160439702002,Block Group 2; Census Tract 9702; Fremont County; Idaho,603,541,6,0,21,59917,0.07606725051085014,3.169947115459743e-4
160439702003,Block Group 3; Census Tract 9702; Fremont County; Idaho,985,817,0,0,140,69129,0.020999981712113522,5.340914418124954e-4
160439702004,Block Group 4; Census Tract 9702; Fremont County; Idaho,1402,1213,3,0,179,70139,0.017145936262936992,7.785345468426657e-4
160439703011,Block Group 1; Census Tract 9703.01; Fremont County; Idaho,876,608,0,0,50,58152,0.042984138028215296,3.672227468261463e-4
160439703012,Block Group 2; Census Tract 9703.01; Fremont County; Idaho,1375,1043,21,7,291,53125,0.026291898926110703,7.601176005732693e-4
160439703013,Block Group 3; Census Tract 9703.01; Fremont County; Idaho,1399,1290,2,0,99,75000,0.04268418787294673,7.763021897191025e-4
160439703014,Block Group 4; Census Tract 9703.01; Fremont County; Idaho,1587,1128,7,0,420,69531,0.06864852596640857,8.678288317851936e-4
160439703021,Block Group 1; Census Tract 9703.02; Fremont County; Idaho,903,793,0,0,0,74000,0.1763275955554103,4.4256479974640425e-4
160439703022,Block Group 2; Census Tract 9703.02; Fremont County; Idaho,1355,973,0,0,338,82109,0.06535508990458444,7.316550472478386e-4
160439703023,Block Group 3; Census Tract 9703.02; Fremont County; Idaho,1258,1118,0,0,109,81750,0.03492093922793042,6.847755476530114e-4
160459601001,Block Group 1; Census Tract 9601; Gem County; Idaho,1689,1551,0,0,119,71080,0.04652770652043191,9.320090990876357e-4
160459601002,Block Group 2; Census Tract 9601; Gem County; Idaho,867,815,0,0,45,66674,0.06433771614281322,4.799567815660878e-4
160459601003,Block Group 3; Census Tract 9601; Gem County; Idaho,2217,1775,0,19,101,72614,0.04908589482384557,0.0010575791872880656
160459601004,Block Group 4; Census Tract 9601; Gem County; Idaho,1126,928,0,0,175,70425,0.021838479153544792,6.155724768225521e-4
160459602001,Block Group 1; Census Tract 9602; Gem County; Idaho,2871,2484,12,4,23,74500,0.12790144047711716,0.0014080592556874878
160459602002,Block Group 2; Census Tract 9602; Gem County; Idaho,1532,1430,0,12,0,62669,0.16254344177946015,8.047647430445333e-4
160459602003,Block Group 3; Census Tract 9602; Gem County; Idaho,2437,1766,0,10,510,56066,0.03443552580090887,0.0012757920961163683
160459603011,Block Group 1; Census Tract 9603.01; Gem County; Idaho,1857,1683,0,1,107,54375,0.05421149163461974,9.995379020754224e-4
160459603012,Block Group 2; Census Tract 9603.01; Gem County; Idaho,2338,1946,0,0,320,73333,0.02100563850961354,0.0012646303104985523
160459603021,Block Group 1; Census Tract 9603.02; Gem County; Idaho,1784,1290,25,0,383,137750,0.04174309878895392,9.47635598952578e-4
160459603022,Block Group 2; Census Tract 9603.02; Gem County; Idaho,703,621,0,0,40,44688,0.055867669542014164,3.6889701466881865e-4
160459603023,Block Group 3; Census Tract 9603.02; Gem County; Idaho,433,390,0,0,29,NA,0.0481632213473481,2.338394086932451e-4
160479601011,Block Group 1; Census Tract 9601.01; Gooding County; Idaho,1575,1315,6,0,83,34348,0.05020818387903532,7.835573503706829e-4
160479601012,Block Group 2; Census Tract 9601.01; Gooding County; Idaho,469,307,0,0,162,99500,0.14777520594592639,2.617438727377851e-4
160479601013,Block Group 3; Census Tract 9601.01; Gooding County; Idaho,1944,846,0,0,1080,36382,0.4906095696588487,0.0010748799549956803
160479601021,Block Group 1; Census Tract 9601.02; Gooding County; Idaho,822,634,0,3,152,68125,0.021384514112726943,4.4033244262284103e-4
160479601022,Block Group 2; Census Tract 9601.02; Gooding County; Idaho,1954,1567,0,23,291,93056,0.007986855499066685,0.0010497659373555944
160479601023,Block Group 3; Census Tract 9601.02; Gooding County; Idaho,1049,827,0,0,26,71106,0.09427738666204497,4.760501565998522e-4
160479602011,Block Group 1; Census Tract 9602.01; Gooding County; Idaho,1196,1010,3,8,145,45000,0.005480701603620363,6.507321015186726e-4
160479602012,Block Group 2; Census Tract 9602.01; Gooding County; Idaho,2060,952,1,0,1039,67604,0.41274243644700176,0.0011117138475344732
160479602013,Block Group 3; Census Tract 9602.01; Gooding County; Idaho,1098,607,0,0,474,60461,0.27275320264205505,6.032945126429545e-4
160479602014,Block Group 4; Census Tract 9602.01; Gooding County; Idaho,697,358,0,10,329,49444,0.31989690026717893,3.8898822878088746e-4
160479602021,Block Group 1; Census Tract 9602.02; Gooding County; Idaho,874,729,0,0,98,70446,0.023733216370400833,4.615398352966914e-4
160479602022,Block Group 2; Census Tract 9602.02; Gooding County; Idaho,1254,575,0,72,607,86650,0.4038082734254283,6.99843958237063e-4
160479602023,Block Group 3; Census Tract 9602.02; Gooding County; Idaho,748,357,0,0,390,80865,0.4152423275868852,4.1689269282542743e-4
160499400001,Block Group 1; Census Tract 9400; Idaho County; Idaho,1375,1190,0,14,15,56163,0.11676619434766039,6.803108334058849e-4
160499400002,Block Group 2; Census Tract 9400; Idaho County; Idaho,1078,832,0,0,35,60240,0.07920595763531171,4.8386340653232344e-4
160499400003,Block Group 3; Census Tract 9400; Idaho County; Idaho,794,670,0,10,34,40500,0.05462735351989383,3.9847574655603105e-4
160499400004,Block Group 4; Census Tract 9400; Idaho County; Idaho,690,673,0,0,0,56667,0.1763275955554103,3.7559408603950824e-4
160499400005,Block Group 5; Census Tract 9400; Idaho County; Idaho,780,758,0,0,14,74583,0.11798065289097502,4.3084492484769745e-4
160499601001,Block Group 1; Census Tract 9601; Idaho County; Idaho,749,742,0,0,0,65682,0.1763275955554103,4.1410224642097343e-4
160499601002,Block Group 2; Census Tract 9601; Idaho County; Idaho,1518,1477,0,0,7,48967,0.15476704535743827,8.282044928419469e-4
160499602011,Block Group 1; Census Tract 9602.01; Idaho County; Idaho,1558,1442,0,6,29,69226,0.10516060605860603,8.242978678757113e-4
160499602021,Block Group 1; Census Tract 9602.02; Idaho County; Idaho,1295,1026,0,35,188,72969,0.013681471102357528,6.97053511832609e-4
160499602022,Block Group 2; Census Tract 9602.02; Idaho County; Idaho,1230,931,3,0,218,NA,0.023515379636842096,6.429188515862013e-4
160499602023,Block Group 3; Census Tract 9602.02; Idaho County; Idaho,909,909,0,0,0,59320,0.1763275955554103,5.07303156329737e-4
160499602024,Block Group 4; Census Tract 9602.02; Idaho County; Idaho,1430,1365,0,19,0,101026,0.1604976441230698,7.723955647528669e-4
160499603001,Block Group 1; Census Tract 9603; Idaho County; Idaho,1181,1061,0,1,39,66875,0.08289974332262612,6.144562982607706e-4
160499603002,Block Group 2; Census Tract 9603; Idaho County; Idaho,1412,1229,9,0,62,83875,0.06161599531085433,7.255160651580397e-4
160499604001,Block Group 1; Census Tract 9604; Idaho County; Idaho,1121,1080,4,0,8,54315,0.13929938089759625,6.094334947327534e-4
160519601001,Block Group 1; Census Tract 9601; Jefferson County; Idaho,1549,1145,0,0,376,85573,0.05794677110594851,8.488537962349065e-4
160519601002,Block Group 2; Census Tract 9601; Jefferson County; Idaho,1281,1037,0,0,225,67208,0.025496736341326626,7.043086724841894e-4
160519601003,Block Group 3; Census Tract 9601; Jefferson County; Idaho,988,701,4,0,255,66912,0.06526889550034382,5.357657096551678e-4
160519602001,Block Group 1; Census Tract 9602; Jefferson County; Idaho,1707,1540,0,0,130,78472,0.04168156124826026,9.320090990876357e-4
160519602002,Block Group 2; Census Tract 9602; Jefferson County; Idaho,1054,860,0,0,187,93417,0.02557806910551218,5.843194770926674e-4
160519602003,Block Group 3; Census Tract 9602; Jefferson County; Idaho,1856,1501,11,0,232,87344,0.014088828181952546,9.733077058735548e-4
160519603011,Block Group 1; Census Tract 9603.01; Jefferson County; Idaho,3696,3525,0,0,123,87708,0.08902351443656775,0.0020359096966896376
160519603021,Block Group 1; Census Tract 9603.02; Jefferson County; Idaho,1250,818,4,0,391,58155,0.11737849395311821,6.769622977205401e-4
160519603022,Block Group 2; Census Tract 9603.02; Jefferson County; Idaho,1008,786,0,0,134,71518,0.020989237467776888,5.134421384195358e-4
160519603023,Block Group 3; Census Tract 9603.02; Jefferson County; Idaho,3905,3327,0,17,310,87953,0.027190322375683355,0.0020392582323749825
160519604011,Block Group 1; Census Tract 9604.01; Jefferson County; Idaho,3386,2981,0,0,295,91424,0.03426875795830825,0.0018283004841982602
160519604012,Block Group 2; Census Tract 9604.01; Jefferson County; Idaho,831,706,0,0,84,119712,0.027182640571529994,4.408905319037318e-4
160519604013,Block Group 3; Census Tract 9604.01; Jefferson County; Idaho,2578,2283,0,4,230,90882,0.028458745353473033,0.001404710720002143
160519604021,Block Group 1; Census Tract 9604.02; Jefferson County; Idaho,2585,2323,0,0,195,95000,0.041959440533988604,0.001405268809283034
160519604022,Block Group 2; Census Tract 9604.02; Jefferson County; Idaho,1903,1599,0,0,298,52813,0.021667164610367485,0.0010586953658498473
160519604023,Block Group 3; Census Tract 9604.02; Jefferson County; Idaho,2657,2613,0,0,20,91042,0.14523794983706195,0.0014694490765854759
160539701001,Block Group 1; Census Tract 9701; Jerome County; Idaho,2001,1111,0,0,799,51150,0.24261697533624113,0.0010659505265014275
160539701002,Block Group 2; Census Tract 9701; Jerome County; Idaho,1148,867,12,0,264,72946,0.042154521635264314,6.378960480581842e-4
160539702001,Block Group 1; Census Tract 9702; Jerome County; Idaho,725,197,0,0,526,49375,0.888079311205643,4.0349855008404826e-4
160539702002,Block Group 2; Census Tract 9702; Jerome County; Idaho,488,253,0,0,235,51250,0.3426642006815246,2.723475690747103e-4
160539702003,Block Group 3; Census Tract 9702; Jerome County; Idaho,1463,747,0,0,611,61830,0.290596586443766,7.578852434497061e-4
160539702004,Block Group 4; Census Tract 9702; Jerome County; Idaho,1571,821,0,0,750,58295,0.3355963968562017,8.767582602794465e-4
160539703001,Block Group 1; Census Tract 9703; Jerome County; Idaho,1195,701,0,18,431,72391,0.174703324014089,6.418026730244197e-4
160539703002,Block Group 2; Census Tract 9703; Jerome County; Idaho,581,333,0,0,230,41346,0.22856981106852547,3.142042651415203e-4
160539703003,Block Group 3; Census Tract 9703; Jerome County; Idaho,1183,436,0,0,747,51719,0.6442576309042995,6.602196192938162e-4
160539703004,Block Group 4; Census Tract 9703; Jerome County; Idaho,3293,1578,10,9,1502,68129,0.33782147273023394,0.0017295186814805885
160539704001,Block Group 1; Census Tract 9704; Jerome County; Idaho,511,398,0,0,85,72618,0.02492623389836557,2.695571226702563e-4
160539704002,Block Group 2; Census Tract 9704; Jerome County; Idaho,1401,1002,0,0,326,79732,0.05680009917778277,7.411425650229822e-4
160539704003,Block Group 3; Census Tract 9704; Jerome County; Idaho,1459,195,0,0,1246,69485,1.3220011306556745,8.042066537636425e-4
160539705011,Block Group 1; Census Tract 9705.01; Jerome County; Idaho,1031,948,0,0,83,81250,0.03989858667302067,5.753900485984146e-4
160539705012,Block Group 2; Census Tract 9705.01; Jerome County; Idaho,850,669,0,0,180,98523,0.03781788615148585,4.73817799476289e-4
160539705013,Block Group 3; Census Tract 9705.01; Jerome County; Idaho,1537,1356,0,0,108,110795,0.0446043502970671,8.170427072241308e-4
160539705014,Block Group 4; Census Tract 9705.01; Jerome County; Idaho,1410,719,0,0,516,98125,0.24187488375158325,6.892402619001378e-4
160539705021,Block Group 1; Census Tract 9705.02; Jerome County; Idaho,1236,1115,1,0,96,95392,0.038059930634543354,6.764042084396494e-4
160539705022,Block Group 2; Census Tract 9705.02; Jerome County; Idaho,1705,815,0,0,797,61555,0.3649795937352423,8.996399207959692e-4
160550001011,Block Group 1; Census Tract 1.01; Kootenai County; Idaho,1501,1402,0,0,21,88542,0.12578005852368038,7.941610467076081e-4
160550001012,Block Group 2; Census Tract 1.01; Kootenai County; Idaho,1439,1004,0,0,44,88929,0.07700140247512231,5.848775663735582e-4
160550001021,Block Group 1; Census Tract 1.02; Kootenai County; Idaho,808,793,3,0,5,55400,0.14269895352981243,4.470295139935306e-4
160550001022,Block Group 2; Census Tract 1.02; Kootenai County; Idaho,328,266,4,0,14,43203,0.0614020176696379,1.5849735577298714e-4
160550001023,Block Group 3; Census Tract 1.02; Kootenai County; Idaho,1138,1047,0,9,73,128750,0.03902746596050058,6.30082798125713e-4
160550001024,Block Group 4; Census Tract 1.02; Kootenai County; Idaho,2328,1737,0,7,487,96000,0.03339528484746323,0.0012450971856673744
160550002011,Block Group 1; Census Tract 2.01; Kootenai County; Idaho,2977,2266,0,0,482,111972,0.024787693480683354,0.0015336293438879178
160550002012,Block Group 2; Census Tract 2.01; Kootenai County; Idaho,1077,1059,0,9,9,105230,0.12918903503037454,6.010621555193914e-4
160550002021,Block Group 1; Census Tract 2.02; Kootenai County; Idaho,1529,1395,15,0,42,73712,0.08878671041158721,8.103456358534413e-4
160550002022,Block Group 2; Census Tract 2.02; Kootenai County; Idaho,1787,1673,0,0,18,128125,0.13636807577801602,9.437289739863424e-4
160550002031,Block Group 1; Census Tract 2.03; Kootenai County; Idaho,673,649,0,0,24,51985,0.08602420241948246,3.7559408603950824e-4
160550002032,Block Group 2; Census Tract 2.03; Kootenai County; Idaho,1927,1407,0,46,262,83287,0.013018815160703743,9.571231167277216e-4
160550002033,Block Group 3; Census Tract 2.03; Kootenai County; Idaho,812,761,0,0,0,59727,0.1763275955554103,4.2470594275789865e-4
160550003011,Block Group 1; Census Tract 3.01; Kootenai County; Idaho,3007,2732,0,0,69,62679,0.10469622446251439,0.0015632080757751303
160550003012,Block Group 2; Census Tract 3.01; Kootenai County; Idaho,782,716,0,0,44,NA,0.05844125456223627,4.2414785347700786e-4
160550003013,Block Group 3; Census Tract 3.01; Kootenai County; Idaho,1124,960,22,6,127,66588,0.013514737357352641,6.222695481932417e-4
160550003014,Block Group 4; Census Tract 3.01; Kootenai County; Idaho,1948,1467,0,4,46,100556,0.0872178062419096,8.466214391113433e-4
160550003015,Block Group 5; Census Tract 3.01; Kootenai County; Idaho,1504,1223,0,0,84,94250,0.052388108979513084,7.294226901242753e-4
160550003031,Block Group 1; Census Tract 3.03; Kootenai County; Idaho,2315,2015,0,0,126,81298,0.05748749085597985,0.0011948691503872024
160550003032,Block Group 2; Census Tract 3.03; Kootenai County; Idaho,3264,2940,0,52,136,104732,0.05980359257000114,0.0017457032706264218
160550003041,Block Group 1; Census Tract 3.04; Kootenai County; Idaho,1619,980,0,0,376,92796,0.08046432909299639,7.567690648879245e-4
160550003042,Block Group 2; Census Tract 3.04; Kootenai County; Idaho,2122,1948,0,0,83,81078,0.07852008220368792,0.0011334793294892143
160550004011,Block Group 1; Census Tract 4.01; Kootenai County; Idaho,914,751,0,24,35,56164,0.06557007814274318,4.5205231752154783e-4
160550004012,Block Group 2; Census Tract 4.01; Kootenai County; Idaho,2336,2138,5,0,193,53558,0.03360624543400095,0.0013036965601609083
160550004013,Block Group 3; Census Tract 4.01; Kootenai County; Idaho,1917,1725,0,0,20,40374,0.13415410034577663,9.738657951544456e-4
160550004014,Block Group 4; Census Tract 4.01; Kootenai County; Idaho,1503,1122,0,0,118,126944,0.031717787300816036,6.920307083045917e-4
160550004021,Block Group 1; Census Tract 4.02; Kootenai County; Idaho,5727,4569,53,4,378,91270,0.03262317810043064,0.002792678761577562
160550004022,Block Group 2; Census Tract 4.02; Kootenai County; Idaho,992,965,0,0,15,80505,0.12446398530339775,5.469274952729838e-4
160550004023,Block Group 3; Census Tract 4.02; Kootenai County; Idaho,1916,1446,0,19,87,105176,0.04550439443898344,8.661545639425213e-4
160550004024,Block Group 4; Census Tract 4.02; Kootenai County; Idaho,2002,1765,39,22,81,65886,0.06002964321321995,0.0010642762586587553
160550005011,Block Group 1; Census Tract 5.01; Kootenai County; Idaho,1197,1197,0,0,0,62583,0.1763275955554103,6.680328692262873e-4
160550005012,Block Group 2; Census Tract 5.01; Kootenai County; Idaho,3011,2735,14,0,0,57262,0.16854949755018955,0.0015341874331688086
160550005013,Block Group 3; Census Tract 5.01; Kootenai County; Idaho,1304,1285,0,0,19,61386,0.1262333900689833,7.277484222816029e-4
160550005014,Block Group 4; Census Tract 5.01; Kootenai County; Idaho,1264,1251,0,0,0,NA,0.1763275955554103,6.981696903943905e-4
160550005021,Block Group 1; Census Tract 5.02; Kootenai County; Idaho,4595,4346,0,0,189,122166,0.07741777635524423,0.002530934888839777
160550005022,Block Group 2; Census Tract 5.02; Kootenai County; Idaho,2284,2126,0,32,45,57266,0.09743975187605043,0.0012294706858024319
160550005031,Block Group 1; Census Tract 5.03; Kootenai County; Idaho,1401,1304,55,0,28,64321,0.1359045865232252,7.740698325955393e-4
160550005032,Block Group 2; Census Tract 5.03; Kootenai County; Idaho,3188,2803,18,24,343,83871,0.00704165316862438,0.0017791886274798696
160550006011,Block Group 1; Census Tract 6.01; Kootenai County; Idaho,2071,1733,0,28,135,51065,0.03172714766576516,0.0010581372765689563
160550006012,Block Group 2; Census Tract 6.01; Kootenai County; Idaho,1167,916,0,34,157,54946,0.01535249473903807,6.178048339461154e-4
160550006013,Block Group 3; Census Tract 6.01; Kootenai County; Idaho,2021,1611,0,16,100,83214,0.04464018851845082,9.638201880984112e-4
160550006021,Block Group 1; Census Tract 6.02; Kootenai County; Idaho,2552,1216,0,64,602,58488,0.12538407961679016,0.0010503240266364852
160550006022,Block Group 2; Census Tract 6.02; Kootenai County; Idaho,2444,2132,0,15,142,76978,0.04242369519774118,0.0012774663639590407
160550006023,Block Group 3; Census Tract 6.02; Kootenai County; Idaho,1507,1088,0,15,83,59583,0.03283531063687233,6.618938871364885e-4
160550006024,Block Group 4; Census Tract 6.02; Kootenai County; Idaho,1344,1137,0,0,173,50278,0.021557628043822843,7.310969579669477e-4
160550007011,Block Group 1; Census Tract 7.01; Kootenai County; Idaho,2278,2042,0,0,144,81836,0.05097361654504852,0.0012199831680272883
160550007012,Block Group 2; Census Tract 7.01; Kootenai County; Idaho,3884,2887,0,180,89,80743,0.11659801898716288,0.0017613297704913641
160550007021,Block Group 1; Census Tract 7.02; Kootenai County; Idaho,2194,1798,0,64,183,101458,0.027532393538941317,0.0011412925794216855
160550007022,Block Group 2; Census Tract 7.02; Kootenai County; Idaho,2315,2009,26,0,30,97632,0.11873695603174163,0.0011524543650395015
160550007031,Block Group 1; Census Tract 7.03; Kootenai County; Idaho,997,985,0,0,0,39464,0.1763275955554103,5.497179416774378e-4
160550007032,Block Group 2; Census Tract 7.03; Kootenai County; Idaho,4872,4194,0,10,56,96409,0.12293526475806292,0.0023774603365948072
160550007033,Block Group 3; Census Tract 7.03; Kootenai County; Idaho,1912,1718,0,194,0,125663,0.2669155743155572,0.0010670667050632092
160550007041,Block Group 1; Census Tract 7.04; Kootenai County; Idaho,2564,2109,0,0,446,81696,0.02459212649938482,0.0014259181126759935
160550007042,Block Group 2; Census Tract 7.04; Kootenai County; Idaho,2203,1986,0,0,125,100278,0.05713013305970479,0.0011781264719604783
160550008001,Block Group 1; Census Tract 8; Kootenai County; Idaho,2563,2236,0,0,165,88264,0.04856552568365901,0.0013399723634188103
160550008002,Block Group 2; Census Tract 8; Kootenai County; Idaho,3501,3165,133,12,85,66046,0.11706720943472029,0.0018947131086242653
160550009011,Block Group 1; Census Tract 9.01; Kootenai County; Idaho,1841,1359,0,84,99,38750,0.06957147459350785,8.605736711336133e-4
160550009012,Block Group 2; Census Tract 9.01; Kootenai County; Idaho,1233,999,0,0,134,34524,0.023784951490832953,6.323151552492762e-4
160550009021,Block Group 1; Census Tract 9.02; Kootenai County; Idaho,1480,1083,0,0,157,40917,0.022230577822509964,6.920307083045917e-4
160550009022,Block Group 2; Census Tract 9.02; Kootenai County; Idaho,1549,1371,0,0,25,48462,0.11848205573438331,7.790926361235565e-4
160550010021,Block Group 1; Census Tract 10.02; Kootenai County; Idaho,2567,2360,10,22,137,103892,0.04199705274028503,0.0014114077913728327
160550010022,Block Group 2; Census Tract 10.02; Kootenai County; Idaho,2618,2472,0,0,49,72143,0.11515201384884038,0.0014069430771257063
160550010031,Block Group 1; Census Tract 10.03; Kootenai County; Idaho,1248,1056,0,0,95,61122,0.03860079443264851,6.423607623053106e-4
160550010032,Block Group 2; Census Tract 10.03; Kootenai County; Idaho,848,813,3,3,5,120408,0.1343481149728729,4.59865567454019e-4
160550010041,Block Group 1; Census Tract 10.04; Kootenai County; Idaho,2283,2223,5,13,29,65854,0.11398208771348446,0.0012668626676221155
160550010042,Block Group 2; Census Tract 10.04; Kootenai County; Idaho,2577,2310,0,0,172,64202,0.04809270764803316,0.001385177595170965
160550011001,Block Group 1; Census Tract 11; Kootenai County; Idaho,2326,2108,21,73,35,82344,0.10701300366541117,0.001248445721352719
160550012011,Block Group 1; Census Tract 12.01; Kootenai County; Idaho,2412,2189,0,41,52,77125,0.09284305119028739,0.0012735597389928052
160550012012,Block Group 2; Census Tract 12.01; Kootenai County; Idaho,939,919,0,0,12,84389,0.13042221230937556,5.195811205093346e-4
160550012021,Block Group 1; Census Tract 12.02; Kootenai County; Idaho,1379,1257,0,0,30,40179,0.10724279930287525,7.182609045064593e-4
160550012022,Block Group 2; Census Tract 12.02; Kootenai County; Idaho,812,568,0,0,22,44688,0.0835989962124605,3.292726757255719e-4
160550012023,Block Group 3; Census Tract 12.02; Kootenai County; Idaho,1110,929,38,0,80,84167,0.06204375932143797,5.843194770926674e-4
160550013001,Block Group 1; Census Tract 13; Kootenai County; Idaho,1281,1117,0,29,75,56250,0.04227893060733769,6.814270119676665e-4
160550013002,Block Group 2; Census Tract 13; Kootenai County; Idaho,1693,1346,0,0,179,75400,0.02399018655607393,8.510861533584697e-4
160550013003,Block Group 3; Census Tract 13; Kootenai County; Idaho,1721,1593,0,0,55,81332,0.08956504846709384,9.19731134908038e-4
160550014001,Block Group 1; Census Tract 14; Kootenai County; Idaho,944,925,0,0,6,54875,0.14888688816517565,5.195811205093346e-4
160550014002,Block Group 2; Census Tract 14; Kootenai County; Idaho,1800,1526,2,49,83,64464,0.05383677756666177,9.264282062787277e-4
160550015001,Block Group 1; Census Tract 15; Kootenai County; Idaho,1280,1199,0,0,24,77321,0.11475289487024753,6.825431905294481e-4
160550015002,Block Group 2; Census Tract 15; Kootenai County; Idaho,1059,703,0,0,263,62955,0.07637628535209783,5.391142453405126e-4
160550015003,Block Group 3; Census Tract 15; Kootenai County; Idaho,1006,980,0,0,13,61500,0.12990700039637107,5.541826559245642e-4
160550016001,Block Group 1; Census Tract 16; Kootenai County; Idaho,1213,900,0,0,94,83039,0.0319982505483695,5.54740745205455e-4
160550016002,Block Group 2; Census Tract 16; Kootenai County; Idaho,1640,1362,12,1,109,57431,0.0341093744456683,8.282044928419469e-4
160550017001,Block Group 1; Census Tract 17; Kootenai County; Idaho,2026,1793,27,34,86,82500,0.052515602541259906,0.0010826932049281515
160550017002,Block Group 2; Census Tract 17; Kootenai County; Idaho,1149,1107,1,6,17,76658,0.11113627859942898,6.311989766874946e-4
160550017003,Block Group 3; Census Tract 17; Kootenai County; Idaho,1595,1481,0,0,97,150114,0.05495895034411145,8.806648852456821e-4
160550018011,Block Group 1; Census Tract 18.01; Kootenai County; Idaho,1207,1127,0,0,60,137500,0.06634907841747531,6.624519764173793e-4
160550018012,Block Group 2; Census Tract 18.01; Kootenai County; Idaho,1146,1084,0,1,19,99375,0.11654985272713018,6.16130566103443e-4
160550018013,Block Group 3; Census Tract 18.01; Kootenai County; Idaho,1069,1024,0,0,0,81630,0.1763275955554103,5.714834236321789e-4
160550018021,Block Group 1; Census Tract 18.02; Kootenai County; Idaho,1561,1474,0,0,50,92679,0.09046484274463015,8.505280640775789e-4
160550018022,Block Group 2; Census Tract 18.02; Kootenai County; Idaho,1593,1447,0,0,146,119509,0.033435766035801784,8.890362244590441e-4
160550018023,Block Group 3; Census Tract 18.02; Kootenai County; Idaho,883,801,24,0,39,133458,0.07920078571114181,4.82189138689651e-4
160550018024,Block Group 4; Census Tract 18.02; Kootenai County; Idaho,1664,1617,0,4,15,102933,0.1335039807675116,9.130340635373484e-4
160550019011,Block Group 1; Census Tract 19.01; Kootenai County; Idaho,447,419,0,0,22,66875,0.0671134973699766,2.461173728728427e-4
160550019012,Block Group 2; Census Tract 19.01; Kootenai County; Idaho,1428,1323,0,7,17,130434,0.12011498179440955,7.517462613599073e-4
160550019021,Block Group 1; Census Tract 19.02; Kootenai County; Idaho,1105,976,0,0,83,83750,0.04131751536019807,5.91016548463357e-4
160550020001,Block Group 1; Census Tract 20; Kootenai County; Idaho,2131,1933,0,28,58,84097,0.08182736230690596,0.0011267822581185248
160550020002,Block Group 2; Census Tract 20; Kootenai County; Idaho,1497,1398,0,29,17,114263,0.11811256015664098,8.058809216063148e-4
160559400001,Block Group 1; Census Tract 9400; Kootenai County; Idaho,946,436,0,2,38,43750,0.030850773758455182,2.656504977040207e-4
160559400002,Block Group 2; Census Tract 9400; Kootenai County; Idaho,826,736,2,17,13,100417,0.10059275678345751,4.2861256772413423e-4
160559400003,Block Group 3; Census Tract 9400; Kootenai County; Idaho,655,611,1,4,14,81250,0.09306331731109511,3.5159624696120385e-4
160570051011,Block Group 1; Census Tract 51.01; Latah County; Idaho,1488,1249,0,44,70,77870,0.05783858085882551,7.606756898541601e-4
160570051012,Block Group 2; Census Tract 51.01; Latah County; Idaho,1179,754,40,112,222,55385,0.16874152912914167,6.295247088448222e-4
160570051021,Block Group 1; Census Tract 51.02; Latah County; Idaho,1530,1220,0,19,249,34588,0.009816117306899408,8.304368499655101e-4
160570051022,Block Group 2; Census Tract 51.02; Latah County; Idaho,884,736,0,38,53,60350,0.05895153265547465,4.615398352966914e-4
160570051023,Block Group 3; Census Tract 51.02; Latah County; Idaho,857,768,0,11,42,47440,0.050583029387747315,4.5819129961134663e-4
160570051024,Block Group 4; Census Tract 51.02; Latah County; Idaho,1250,839,40,36,32,53640,0.11445592845373886,5.285105490035874e-4
160570052001,Block Group 1; Census Tract 52; Latah County; Idaho,722,645,0,1,37,127917,0.057422872450065963,3.8117497884841624e-4
160570052002,Block Group 2; Census Tract 52; Latah County; Idaho,1301,1248,44,0,0,82222,0.18952646543443463,7.210513509109133e-4
160570052003,Block Group 3; Census Tract 52; Latah County; Idaho,974,860,7,0,0,88377,0.16772912765403694,4.8386340653232344e-4
160570052004,Block Group 4; Census Tract 52; Latah County; Idaho,1270,982,12,12,0,54217,0.15300510876594953,5.614378165761446e-4
160570052005,Block Group 5; Census Tract 52; Latah County; Idaho,2202,2115,0,26,0,112521,0.16082567282248167,0.0011948691503872024
160570053011,Block Group 1; Census Tract 53.01; Latah County; Idaho,1503,1198,24,147,18,90819,0.22821534765737775,7.740698325955393e-4
160570053012,Block Group 2; Census Tract 53.01; Latah County; Idaho,696,570,0,42,0,71414,0.20956905081927932,3.4155063990516947e-4
160570053021,Block Group 1; Census Tract 53.02; Latah County; Idaho,1218,1038,0,44,90,51494,0.040407372226214884,6.540806372040173e-4
160570053022,Block Group 2; Census Tract 53.02; Latah County; Idaho,2356,1984,66,61,122,28167,0.06062829346657191,0.0012462133642291559
160570053023,Block Group 3; Census Tract 53.02; Latah County; Idaho,1819,1742,0,9,68,67554,0.07287222553990369,0.0010151644019403647
160570054001,Block Group 1; Census Tract 54; Latah County; Idaho,1336,1113,41,39,52,52206,0.08283660046021418,6.948211547090457e-4
160570054002,Block Group 2; Census Tract 54; Latah County; Idaho,641,579,0,4,28,63906,0.05990351962067669,3.409925506242787e-4
160570054003,Block Group 3; Census Tract 54; Latah County; Idaho,4774,3830,109,123,371,28000,0.03242184640175261,0.0024740097821889153
160570054004,Block Group 4; Census Tract 54; Latah County; Idaho,705,620,7,13,29,48229,0.05272641552799226,3.733617289159451e-4
160570055001,Block Group 1; Census Tract 55; Latah County; Idaho,1707,1540,6,0,155,76414,0.027359029500939297,9.493098667952504e-4
160570055002,Block Group 2; Census Tract 55; Latah County; Idaho,375,289,0,18,43,85391,0.039396936968127336,1.9533124831177991e-4
160570055003,Block Group 3; Census Tract 55; Latah County; Idaho,1189,1045,7,0,62,72500,0.052829116242227143,6.21711458912351e-4
160570055004,Block Group 4; Census Tract 55; Latah County; Idaho,1023,793,14,0,124,90875,0.01700812817711564,5.195811205093346e-4
160570056001,Block Group 1; Census Tract 56; Latah County; Idaho,624,562,0,21,4,76875,0.14135776195649133,3.2759840788289946e-4
160570056002,Block Group 2; Census Tract 56; Latah County; Idaho,1213,1069,0,9,86,75731,0.031738288154242636,6.496159229568909e-4
160570056003,Block Group 3; Census Tract 56; Latah County; Idaho,1462,1382,0,0,26,86852,0.11725235927814227,7.857897074942461e-4
160570056004,Block Group 4; Census Tract 56; Latah County; Idaho,760,726,0,0,18,96094,0.10553518445319333,4.1521842498275506e-4
160570057001,Block Group 1; Census Tract 57; Latah County; Idaho,722,702,0,0,0,76786,0.1763275955554103,3.9177867518534146e-4
160570057002,Block Group 2; Census Tract 57; Latah County; Idaho,653,587,0,0,30,52419,0.06860138111575005,3.4434108630962347e-4
160570057003,Block Group 3; Census Tract 57; Latah County; Idaho,1882,1721,3,4,26,79286,0.11446724883308326,9.788885986824628e-4
160599701001,Block Group 1; Census Tract 9701; Lemhi County; Idaho,1747,1644,1,0,39,56583,0.10536731728040562,9.398223490201069e-4
160599701002,Block Group 2; Census Tract 9701; Lemhi County; Idaho,1122,1079,0,0,0,57847,0.1763275955554103,6.02178334081173e-4
160599702001,Block Group 1; Census Tract 9702; Lemhi County; Idaho,684,662,0,0,0,23526,0.1763275955554103,3.6945510394970944e-4
160599702002,Block Group 2; Census Tract 9702; Lemhi County; Idaho,1030,857,0,0,15,24118,0.12006553475483517,4.866538529367774e-4
160599702003,Block Group 3; Census Tract 9702; Lemhi County; Idaho,583,548,0,0,7,69766,0.13113234715352642,3.0973955089439386e-4
160599703001,Block Group 1; Census Tract 9703; Lemhi County; Idaho,585,493,0,6,29,61000,0.046892793445316654,2.9467114031034227e-4
160599703002,Block Group 2; Census Tract 9703; Lemhi County; Idaho,1965,1764,0,0,58,63000,0.09204068928771068,0.0010168386697830371
160599703003,Block Group 3; Census Tract 9703; Lemhi County; Idaho,450,441,0,0,0,57083,0.1763275955554103,2.461173728728427e-4
160619400011,Block Group 1; Census Tract 9400.01; Lewis County; Idaho,1531,1169,34,16,87,40000,0.04081192306310327,7.288646008433846e-4
160619400021,Block Group 1; Census Tract 9400.02; Lewis County; Idaho,707,587,28,3,25,55833,0.1008227303845059,3.588514076127843e-4
160619400022,Block Group 2; Census Tract 9400.02; Lewis County; Idaho,708,617,0,12,17,61932,0.08630985208029464,3.6052567545545664e-4
160619400023,Block Group 3; Census Tract 9400.02; Lewis County; Idaho,667,591,0,2,19,61458,0.0849627723311653,3.4155063990516947e-4
160619503001,Block Group 1; Census Tract 9503; Lewis County; Idaho,36,36,0,0,0,NA,0.1763275955554103,2.009121411206879e-5
160639501001,Block Group 1; Census Tract 9501; Lincoln County; Idaho,1327,1017,8,6,208,68917,0.0063581610055627145,6.91472619023701e-4
160639501002,Block Group 2; Census Tract 9501; Lincoln County; Idaho,1507,1016,0,10,452,63661,0.09587377436151641,8.248559571566021e-4
160639501003,Block Group 3; Census Tract 9501; Lincoln County; Idaho,1188,444,6,7,691,56711,0.5682619404656037,6.406864944626382e-4
160639501004,Block Group 4; Census Tract 9501; Lincoln County; Idaho,1254,862,20,0,338,69391,0.07986009552065684,6.808689226867758e-4
160659501011,Block Group 1; Census Tract 9501.01; Madison County; Idaho,1709,1647,0,5,45,128083,0.09333058089386527,9.470775096716873e-4
160659501012,Block Group 2; Census Tract 9501.01; Madison County; Idaho,642,546,0,0,15,81016,0.10079835696488804,3.130880865797387e-4
160659501021,Block Group 1; Census Tract 9501.02; Madison County; Idaho,1511,1459,14,0,23,89438,0.11586869735234541,8.349015642126364e-4
160659501022,Block Group 2; Census Tract 9501.02; Madison County; Idaho,1681,1322,61,10,115,69038,0.057170161034472936,8.41598635583326e-4
160659501031,Block Group 1; Census Tract 9501.03; Madison County; Idaho,1541,1215,0,0,326,64211,0.03760056825406216,8.600155818527225e-4
160659501032,Block Group 2; Census Tract 9501.03; Madison County; Idaho,674,666,0,0,0,93000,0.1763275955554103,3.7168746107327265e-4
160659502001,Block Group 1; Census Tract 9502; Madison County; Idaho,1763,1478,4,20,224,27589,0.0030761565333878886,9.632620988175205e-4
160659502002,Block Group 2; Census Tract 9502; Madison County; Idaho,2113,1695,44,17,289,55184,0.01034731805900875,0.0011412925794216855
160659502003,Block Group 3; Census Tract 9502; Madison County; Idaho,1064,806,0,18,172,45313,0.011804715508570235,5.558569237672366e-4
160659503011,Block Group 1; Census Tract 9503.01; Madison County; Idaho,999,875,0,1,80,41182,0.03407944894607459,5.335333525316046e-4
160659503012,Block Group 2; Census Tract 9503.01; Madison County; Idaho,35,27,0,0,0,NA,0.1763275955554103,1.5068410584051594e-5
160659503013,Block Group 3; Census Tract 9503.01; Madison County; Idaho,1250,967,20,26,175,63897,0.007280496369536411,6.630100656982702e-4
160659503014,Block Group 4; Census Tract 9503.01; Madison County; Idaho,1083,853,31,94,73,30592,0.1350246845172995,5.865518342162305e-4
160659503015,Block Group 5; Census Tract 9503.01; Madison County; Idaho,1889,1472,16,27,374,59969,0.01251253185990846,0.0010542306516027207
160659503016,Block Group 6; Census Tract 9503.01; Madison County; Idaho,2325,1931,32,39,309,38971,0.002941216386133475,0.0012897443281386382
160659503031,Block Group 1; Census Tract 9503.03; Madison County; Idaho,5841,5260,0,53,438,NA,0.029273945083203898,0.0032095714544029897
160659503032,Block Group 2; Census Tract 9503.03; Madison County; Idaho,836,774,2,0,1,NA,0.16308352656599764,4.3363537125215145e-4
160659503033,Block Group 3; Census Tract 9503.03; Madison County; Idaho,2201,1701,0,0,427,33217,0.032865253932625814,0.001187613989735622
160659503034,Block Group 4; Census Tract 9503.03; Madison County; Idaho,2473,2262,14,7,143,59113,0.042005942744930545,0.0013539245954410802
160659503035,Block Group 5; Census Tract 9503.03; Madison County; Idaho,844,368,205,0,127,NA,0.8836242537601359,3.9066249662355983e-4
160659503041,Block Group 1; Census Tract 9503.04; Madison County; Idaho,1027,1027,0,0,0,NA,0.1763275955554103,5.731576914748514e-4
160659503042,Block Group 2; Census Tract 9503.04; Madison County; Idaho,1253,1125,0,92,36,46270,0.14019718648946394,6.992858689561721e-4
160659503043,Block Group 3; Census Tract 9503.04; Madison County; Idaho,2705,1831,0,81,631,38212,0.058198255583088006,0.0014192210413053038
160659503044,Block Group 4; Census Tract 9503.04; Madison County; Idaho,2476,1626,0,229,416,62188,0.13783068893845352,0.0012674207569030064
160659504011,Block Group 1; Census Tract 9504.01; Madison County; Idaho,2507,2221,49,0,129,107083,0.06122146747365531,0.0013388561848570286
160659504012,Block Group 2; Census Tract 9504.01; Madison County; Idaho,1909,1881,0,0,25,66538,0.12984396840480278,0.0010637181693778643
160659504021,Block Group 1; Census Tract 9504.02; Madison County; Idaho,1083,1029,0,0,43,113750,0.07956298846296711,5.982717091149374e-4
160659504022,Block Group 2; Census Tract 9504.02; Madison County; Idaho,1268,1186,0,0,53,55000,0.07594496840659659,6.91472619023701e-4
160659505011,Block Group 1; Census Tract 9505.01; Madison County; Idaho,1906,1687,0,0,122,79706,0.0496326494460108,0.0010095835091314567
160659505012,Block Group 2; Census Tract 9505.01; Madison County; Idaho,1015,751,0,53,57,72031,0.0779411334330477,4.805148708469786e-4
160659505021,Block Group 1; Census Tract 9505.02; Madison County; Idaho,1942,1817,0,0,125,108625,0.052301106111683794,0.0010838093834899332
160659505022,Block Group 2; Census Tract 9505.02; Madison County; Idaho,2013,1766,0,0,210,89135,0.027201242473255574,0.0011027844190402204
160679701001,Block Group 1; Census Tract 9701; Minidoka County; Idaho,1749,1056,0,0,576,63538,0.15651009658329523,9.108017064137853e-4
160679701002,Block Group 2; Census Tract 9701; Minidoka County; Idaho,1760,1120,0,0,594,82800,0.14908467036670497,9.565650274468309e-4
160679702001,Block Group 1; Census Tract 9702; Minidoka County; Idaho,1207,992,0,0,208,100755,0.0243156159577775,6.697071370689598e-4
160679702002,Block Group 2; Census Tract 9702; Minidoka County; Idaho,1781,1482,0,15,284,85173,0.009554069322001793,9.939570092665144e-4
160679702003,Block Group 3; Census Tract 9702; Minidoka County; Idaho,868,275,0,0,593,NA,0.7702523250385663,4.8442149581321423e-4
160679702004,Block Group 4; Census Tract 9702; Minidoka County; Idaho,2367,1437,67,0,763,69454,0.1573770367838598,0.001265188399779443
160679703001,Block Group 1; Census Tract 9703; Minidoka County; Idaho,663,251,0,0,385,48278,0.5851094254005036,3.5494478264654864e-4
160679703002,Block Group 2; Census Tract 9703; Minidoka County; Idaho,1503,1075,0,0,359,71750,0.06007839529047476,8.003000287974069e-4
160679703003,Block Group 3; Census Tract 9703; Minidoka County; Idaho,584,377,0,0,207,88365,0.15829377515606605,3.259241400402271e-4
160679704001,Block Group 1; Census Tract 9704; Minidoka County; Idaho,1922,741,0,7,913,55261,0.46191142157424486,9.269862955596184e-4
160679704002,Block Group 2; Census Tract 9704; Minidoka County; Idaho,2256,1085,0,24,1140,56217,0.3798547317776736,0.0012551427927234087
160679704003,Block Group 3; Census Tract 9704; Minidoka County; Idaho,1110,643,0,2,462,78641,0.2364127413050517,6.178048339461154e-4
160679705001,Block Group 1; Census Tract 9705; Minidoka County; Idaho,1032,842,0,0,160,89853,0.021960112749821514,5.592054594525814e-4
160679705002,Block Group 2; Census Tract 9705; Minidoka County; Idaho,1318,834,0,0,482,42596,0.17257765647563558,7.344454936522926e-4
160679705003,Block Group 3; Census Tract 9705; Minidoka County; Idaho,715,233,0,0,482,25089,0.7473370270231302,3.9903383583692184e-4
160679705004,Block Group 4; Census Tract 9705; Minidoka County; Idaho,1087,641,0,0,434,76822,0.2218268663014875,5.999459769576098e-4
160699400001,Block Group 1; Census Tract 9400; Nez Perce County; Idaho,506,482,0,0,5,69107,0.1374129378933392,2.717894797938195e-4
160699400002,Block Group 2; Census Tract 9400; Nez Perce County; Idaho,714,635,0,16,2,67500,0.1471537512912103,3.644323004216923e-4
160699400003,Block Group 3; Census Tract 9400; Nez Perce County; Idaho,873,594,0,5,31,69063,0.05478821374030996,3.5159624696120385e-4
160699400004,Block Group 4; Census Tract 9400; Nez Perce County; Idaho,928,458,11,0,41,59792,0.04017052917305129,2.846255332543079e-4
160699400005,Block Group 5; Census Tract 9400; Nez Perce County; Idaho,1472,612,0,10,17,65069,0.08548626274736683,3.5661905048922106e-4
160699602001,Block Group 1; Census Tract 9602; Nez Perce County; Idaho,356,324,0,0,17,104792,0.067152192147148,1.9030844478376273e-4
160699603001,Block Group 1; Census Tract 9603; Nez Perce County; Idaho,1045,996,0,0,18,60179,0.11883108186505978,5.659025308232709e-4
160699603002,Block Group 2; Census Tract 9603; Nez Perce County; Idaho,1717,1365,0,26,238,106538,0.0075580951259973965,9.091274385711128e-4
160699603003,Block Group 3; Census Tract 9603; Nez Perce County; Idaho,1155,965,0,0,128,32278,0.024053318705304545,6.099915840136441e-4
160699603004,Block Group 4; Census Tract 9603; Nez Perce County; Idaho,1253,895,0,43,101,56321,0.03363942179822844,5.79854762845541e-4
160699604001,Block Group 1; Census Tract 9604; Nez Perce County; Idaho,812,563,0,0,215,92171,0.07969349178203387,4.3419346053304224e-4
160699604002,Block Group 2; Census Tract 9604; Nez Perce County; Idaho,1235,1175,0,0,9,61689,0.14522110633688143,6.607777085747069e-4
160699604003,Block Group 3; Census Tract 9604; Nez Perce County; Idaho,1149,839,0,17,123,26900,0.008821521966289495,5.46369405992093e-4
160699604004,Block Group 4; Census Tract 9604; Nez Perce County; Idaho,688,637,0,10,19,80909,0.08209488746266284,3.7168746107327265e-4
160699605001,Block Group 1; Census Tract 9605; Nez Perce County; Idaho,1170,994,0,0,52,63750,0.06731558848818026,5.837613878117765e-4
160699605002,Block Group 2; Census Tract 9605; Nez Perce County; Idaho,1228,1097,0,92,0,77500,0.22344632526718444,6.635681549791609e-4
160699605003,Block Group 3; Census Tract 9605; Nez Perce County; Idaho,2013,1793,0,12,163,89063,0.02694698924522286,0.001098319704793094
160699606001,Block Group 1; Census Tract 9606; Nez Perce County; Idaho,1788,1688,0,0,0,73854,0.1763275955554103,9.4205470614367e-4
160699606002,Block Group 2; Census Tract 9606; Nez Perce County; Idaho,1230,1182,0,0,0,38340,0.1763275955554103,6.596615300129253e-4
160699606003,Block Group 3; Census Tract 9606; Nez Perce County; Idaho,1114,1020,0,55,0,54571,0.18561864604981038,5.999459769576098e-4
160699606004,Block Group 4; Census Tract 9606; Nez Perce County; Idaho,1287,1103,0,13,105,87308,0.022480495068716376,6.814270119676665e-4
160699607001,Block Group 1; Census Tract 9607; Nez Perce County; Idaho,858,746,0,0,0,73750,0.1763275955554103,4.1633460354453664e-4
160699607002,Block Group 2; Census Tract 9607; Nez Perce County; Idaho,2361,2202,0,43,23,114390,0.12226846890463844,0.001265746489060334
160699607003,Block Group 3; Census Tract 9607; Nez Perce County; Idaho,848,757,0,0,35,NA,0.07409413919667568,4.4200671046551346e-4
160699607004,Block Group 4; Census Tract 9607; Nez Perce County; Idaho,667,598,0,0,24,NA,0.08171846904122396,3.471315327140775e-4
160699607005,Block Group 5; Census Tract 9607; Nez Perce County; Idaho,826,760,0,0,0,21933,0.1763275955554103,4.2414785347700786e-4
160699608001,Block Group 1; Census Tract 9608; Nez Perce County; Idaho,1463,1257,0,0,102,71364,0.04365698383817745,7.584433327305969e-4
160699608002,Block Group 2; Census Tract 9608; Nez Perce County; Idaho,1337,1283,1,0,8,82930,0.14707730972587338,7.210513509109133e-4
160699608003,Block Group 3; Census Tract 9608; Nez Perce County; Idaho,1185,1164,0,0,6,116528,0.1533171153677262,6.529644586422358e-4
160699609001,Block Group 1; Census Tract 9609; Nez Perce County; Idaho,965,951,0,0,0,76198,0.1763275955554103,5.307429061271506e-4
160699609002,Block Group 2; Census Tract 9609; Nez Perce County; Idaho,1213,1081,16,0,63,70037,0.05568050926069411,6.473835658333277e-4
160699609003,Block Group 3; Census Tract 9609; Nez Perce County; Idaho,1076,910,0,0,82,NA,0.03852317041207095,5.536245666436733e-4
160699610001,Block Group 1; Census Tract 9610; Nez Perce County; Idaho,1475,1312,0,11,42,94231,0.08043966447017659,7.617918684159417e-4
160699610002,Block Group 2; Census Tract 9610; Nez Perce County; Idaho,1065,1017,3,0,45,96161,0.07078924308658784,5.943650841487018e-4
160699610003,Block Group 3; Census Tract 9610; Nez Perce County; Idaho,946,935,0,0,11,87143,0.1337098833335707,5.279524597226966e-4
160699610004,Block Group 4; Census Tract 9610; Nez Perce County; Idaho,2459,2189,0,0,88,84875,0.08162953588417221,0.001270769292588351
160719601001,Block Group 1; Census Tract 9601; Oneida County; Idaho,1456,1314,17,0,21,68500,0.11633247086447814,7.545367077643613e-4
160719601002,Block Group 2; Census Tract 9601; Oneida County; Idaho,1631,1479,0,0,127,69712,0.040842267867150374,8.962913851106245e-4
160719601003,Block Group 3; Census Tract 9601; Oneida County; Idaho,1594,1525,0,0,56,77284,0.08638931006768474,8.823391530883545e-4
160739501011,Block Group 1; Census Tract 9501.01; Owyhee County; Idaho,1571,1208,0,0,293,81850,0.03077022108537992,8.376920106170904e-4
160739501012,Block Group 2; Census Tract 9501.01; Owyhee County; Idaho,1368,908,0,10,385,52500,0.08565413341468481,7.271903330007121e-4
160739501013,Block Group 3; Census Tract 9501.01; Owyhee County; Idaho,1732,921,0,3,693,48375,0.25290433671250706,9.024303672004232e-4
160739501021,Block Group 1; Census Tract 9501.02; Owyhee County; Idaho,1861,1136,0,0,670,59545,0.17846050325205282,0.0010079092412887845
160739501022,Block Group 2; Census Tract 9501.02; Owyhee County; Idaho,1610,1368,6,0,187,57279,0.016989228546291354,8.711773674705385e-4
160739502001,Block Group 1; Census Tract 9502; Owyhee County; Idaho,2035,1495,0,0,509,70089,0.06261528758267439,0.0011184109189051627
160739502002,Block Group 2; Census Tract 9502; Owyhee County; Idaho,986,750,53,0,125,64671,0.08219487871304013,5.179068526666622e-4
160739502003,Block Group 3; Census Tract 9502; Owyhee County; Idaho,651,304,0,0,113,49714,0.07536133484113214,2.327232301314635e-4
160739502004,Block Group 4; Census Tract 9502; Owyhee County; Idaho,470,371,0,0,74,47672,0.022932979856387713,2.483497299964059e-4
160759601001,Block Group 1; Census Tract 9601; Payette County; Idaho,254,220,0,0,34,72500,0.02139289737959726,1.4175467734626316e-4
160759601002,Block Group 2; Census Tract 9601; Payette County; Idaho,1467,849,0,0,318,37348,0.07656594618850587,6.512901907995633e-4
160759601003,Block Group 3; Census Tract 9601; Payette County; Idaho,2561,2179,0,0,372,76664,0.020991826355682214,0.0014236857555524304
160759601004,Block Group 4; Census Tract 9601; Payette County; Idaho,782,745,0,0,17,47606,0.10921759599411687,4.2526403203878944e-4
160759601005,Block Group 5; Census Tract 9601; Payette County; Idaho,2170,1620,22,0,265,65639,0.014664012909049434,0.0010642762586587553
160759602001,Block Group 1; Census Tract 9602; Payette County; Idaho,1756,1028,0,0,628,65515,0.18895188982203906,9.241958491551644e-4
160759602002,Block Group 2; Census Tract 9602; Payette County; Idaho,954,601,0,0,332,40243,0.15994274888961948,5.206972990711162e-4
160759602003,Block Group 3; Census Tract 9602; Payette County; Idaho,809,434,0,0,302,62440,0.2311209678738776,4.1075371073562864e-4
160759603011,Block Group 1; Census Tract 9603.01; Payette County; Idaho,1624,1012,0,6,518,107917,0.13074637377089063,8.572251354482685e-4
160759603021,Block Group 1; Census Tract 9603.02; Payette County; Idaho,1826,1471,0,31,106,64242,0.03663103020372303,8.974075636724061e-4
160759603022,Block Group 2; Census Tract 9603.02; Payette County; Idaho,2733,1733,0,69,871,64003,0.12328047239632003,0.0014917726478211079
160759603023,Block Group 3; Census Tract 9603.02; Payette County; Idaho,2182,1934,0,0,226,49630,0.027784930666858356,0.0012054728467241276
160759603024,Block Group 4; Census Tract 9603.02; Payette County; Idaho,1667,1404,0,0,227,70055,0.02106736829445008,9.102436171328944e-4
160759604001,Block Group 1; Census Tract 9604; Payette County; Idaho,618,615,0,0,0,68839,0.1763275955554103,3.432249077478419e-4
160759604002,Block Group 2; Census Tract 9604; Payette County; Idaho,2445,2316,0,0,13,123365,0.1517561923886859,0.0012997899351946728
160759604003,Block Group 3; Census Tract 9604; Payette County; Idaho,2342,1829,0,34,360,61370,0.009010386016291807,0.0012406324714202479
160779601001,Block Group 1; Census Tract 9601; Power County; Idaho,896,837,0,0,17,72083,0.11415396625681451,4.76608245880743e-4
160779601002,Block Group 2; Census Tract 9601; Power County; Idaho,723,425,1,0,122,58542,0.0389425083321216,3.058329259281583e-4
160779602001,Block Group 1; Census Tract 9602; Power County; Idaho,1047,967,0,0,80,67083,0.04268452115189381,5.843194770926674e-4
160779602002,Block Group 2; Census Tract 9602; Power County; Idaho,1999,506,0,0,1493,48226,0.9425482610449902,0.0011156204725007088
160779602003,Block Group 3; Census Tract 9602; Power County; Idaho,1543,1041,0,0,430,66250,0.09342982120405521,8.209493321903665e-4
160779602004,Block Group 4; Census Tract 9602; Power County; Idaho,1217,607,71,0,492,66638,0.33974159549255256,6.529644586422358e-4
160779602005,Block Group 5; Census Tract 9602; Power County; Idaho,593,503,0,0,76,145551,0.021640029425364866,3.231336936357731e-4
160799602001,Block Group 1; Census Tract 9602; Shoshone County; Idaho,657,657,0,0,0,61836,0.1763275955554103,3.6666465754525544e-4
160799602002,Block Group 2; Census Tract 9602; Shoshone County; Idaho,867,775,0,0,54,44632,0.05161637554174197,4.62656013858473e-4
160799602003,Block Group 3; Census Tract 9602; Shoshone County; Idaho,674,609,0,0,39,82669,0.05618433564017115,3.616418540172383e-4
160799602004,Block Group 4; Census Tract 9602; Shoshone County; Idaho,853,734,0,0,20,83194,0.10118459223586972,4.20799317791663e-4
160799602005,Block Group 5; Census Tract 9602; Shoshone County; Idaho,921,725,1,34,47,62841,0.05643582327254597,4.503780496788754e-4
160799602006,Block Group 6; Census Tract 9602; Shoshone County; Idaho,356,337,0,0,7,NA,0.11322381768043915,1.9198271262643512e-4
160799603001,Block Group 1; Census Tract 9603; Shoshone County; Idaho,662,549,0,0,21,43421,0.08425641280909837,3.1811089010775587e-4
160799603002,Block Group 2; Census Tract 9603; Shoshone County; Idaho,695,606,0,0,54,45357,0.039053413603104596,3.6833892538792786e-4
160799603003,Block Group 3; Census Tract 9603; Shoshone County; Idaho,962,813,69,0,27,37273,0.18988310799440938,5.07303156329737e-4
160799603004,Block Group 4; Census Tract 9603; Shoshone County; Idaho,853,765,0,0,20,48727,0.10311191197594556,4.381000854992778e-4
160799603005,Block Group 5; Census Tract 9603; Shoshone County; Idaho,905,887,6,0,9,47250,0.1299117009963673,5.033965313635014e-4
160799604001,Block Group 1; Census Tract 9604; Shoshone County; Idaho,852,670,27,0,139,41250,0.0396835204269277,4.6656263882470864e-4
160799604002,Block Group 2; Census Tract 9604; Shoshone County; Idaho,867,791,0,0,19,48654,0.10695679749912465,4.5205231752154783e-4
160799604003,Block Group 3; Census Tract 9604; Shoshone County; Idaho,1142,1049,8,0,68,51645,0.04790025170923443,6.278504410021497e-4
160799604004,Block Group 4; Census Tract 9604; Shoshone County; Idaho,452,405,0,6,0,37969,0.16039785371591786,2.293746944461187e-4
160799604005,Block Group 5; Census Tract 9604; Shoshone County; Idaho,1077,1036,0,0,0,63867,0.1763275955554103,5.781804950028685e-4
160799604006,Block Group 6; Census Tract 9604; Shoshone County; Idaho,785,718,16,0,13,49345,0.11822296972011885,4.1689269282542743e-4
160819601011,Block Group 1; Census Tract 9601.01; Teton County; Idaho,485,407,0,0,70,55625,0.021009748633211492,2.662085869849115e-4
160819601012,Block Group 2; Census Tract 9601.01; Teton County; Idaho,516,490,0,0,0,138203,0.1763275955554103,2.734637476364919e-4
160819601013,Block Group 3; Census Tract 9601.01; Teton County; Idaho,351,351,0,0,0,115469,0.1763275955554103,1.9588933759267073e-4
160819601021,Block Group 1; Census Tract 9601.02; Teton County; Idaho,136,109,0,0,27,NA,0.032025467329288036,7.590014220114877e-5
160819601022,Block Group 2; Census Tract 9601.02; Teton County; Idaho,245,229,0,0,0,NA,0.1763275955554103,1.2780244532399314e-4
160819601031,Block Group 1; Census Tract 9601.03; Teton County; Idaho,282,272,0,0,0,NA,0.1763275955554103,1.5180028440229753e-4
160819601032,Block Group 2; Census Tract 9601.03; Teton County; Idaho,352,352,0,0,0,NA,0.1763275955554103,1.9644742687356152e-4
160819601033,Block Group 3; Census Tract 9601.03; Teton County; Idaho,234,216,0,0,18,NA,0.04232187059407018,1.3059289172844715e-4
160819601034,Block Group 4; Census Tract 9601.03; Teton County; Idaho,1135,493,0,6,636,72315,0.48300762731457086,6.334313338110577e-4
160819601041,Block Group 1; Census Tract 9601.04; Teton County; Idaho,358,237,0,0,121,67438,0.13940016193924765,1.997959625589063e-4
160819601042,Block Group 2; Census Tract 9601.04; Teton County; Idaho,1402,1147,0,0,237,94000,0.02386847854863863,7.723955647528669e-4
160819601043,Block Group 3; Census Tract 9601.04; Teton County; Idaho,385,385,0,0,0,101795,0.1763275955554103,2.148643731429579e-4
160819601051,Block Group 1; Census Tract 9601.05; Teton County; Idaho,826,546,0,0,156,140673,0.04292971317476718,3.9177867518534146e-4
160819601052,Block Group 2; Census Tract 9601.05; Teton County; Idaho,1314,787,0,0,480,74572,0.18846258208491892,7.070991188886434e-4
160819601053,Block Group 3; Census Tract 9601.05; Teton County; Idaho,398,398,0,0,0,173333,0.1763275955554103,2.221195337945383e-4
160819601061,Block Group 1; Census Tract 9601.06; Teton County; Idaho,1580,1305,0,0,202,76742,0.021377702182440155,8.410405463024353e-4
160819601062,Block Group 2; Census Tract 9601.06; Teton County; Idaho,543,543,0,0,0,183050,0.1763275955554103,3.030424795237043e-4
160819601071,Block Group 1; Census Tract 9601.07; Teton County; Idaho,751,675,0,0,57,90769,0.041664666065656754,4.085213536120654e-4
160819601072,Block Group 2; Census Tract 9601.07; Teton County; Idaho,808,710,0,0,65,81532,0.03777873897154552,4.325191926903698e-4
160830002001,Block Group 1; Census Tract 2; Twin Falls County; Idaho,1672,1392,0,43,92,83068,0.045865056511939103,8.522023319202513e-4
160830002002,Block Group 2; Census Tract 2; Twin Falls County; Idaho,1797,1272,42,0,437,45341,0.06729628190042039,9.772143308397904e-4
160830002003,Block Group 3; Census Tract 2; Twin Falls County; Idaho,1875,1649,0,0,205,71296,0.025810816936996776,0.0010346975267715428
160830002004,Block Group 4; Census Tract 2; Twin Falls County; Idaho,1653,1334,0,0,282,115156,0.024579561911303095,9.018722779195325e-4
160830003001,Block Group 1; Census Tract 3; Twin Falls County; Idaho,824,523,0,0,282,56250,0.15342836605439994,4.4926187111709383e-4
160830003002,Block Group 2; Census Tract 3; Twin Falls County; Idaho,1697,1405,0,0,211,63810,0.021715751419973763,9.018722779195325e-4
160830003003,Block Group 3; Census Tract 3; Twin Falls County; Idaho,434,372,0,0,3,91042,0.14400027073367822,2.0928348033404993e-4
160830003004,Block Group 4; Census Tract 3; Twin Falls County; Idaho,1437,1371,0,0,66,68418,0.07188747197238371,8.019742966400793e-4
160830003005,Block Group 5; Census Tract 3; Twin Falls County; Idaho,833,541,0,0,202,66116,0.07606784234558286,4.146603357018642e-4
160830004001,Block Group 1; Census Tract 4; Twin Falls County; Idaho,1157,1066,0,0,59,89444,0.06420554749989076,6.278504410021497e-4
160830004002,Block Group 2; Census Tract 4; Twin Falls County; Idaho,1596,1091,7,0,481,41516,0.09908578038620648,8.812229745265729e-4
160830004003,Block Group 3; Census Tract 4; Twin Falls County; Idaho,752,703,0,0,42,36987,0.05999074732719857,4.1577651426364585e-4
160830004004,Block Group 4; Census Tract 4; Twin Falls County; Idaho,1092,458,0,0,575,66563,0.4822974102543006,5.765062271601962e-4
160830005001,Block Group 1; Census Tract 5; Twin Falls County; Idaho,1989,1640,0,0,297,57131,0.021332295909461296,0.001081018937085479
160830005002,Block Group 2; Census Tract 5; Twin Falls County; Idaho,1456,1405,0,0,27,102083,0.11640501985199658,7.991838502356253e-4
160830005003,Block Group 3; Census Tract 5; Twin Falls County; Idaho,1692,1584,0,0,89,66250,0.06337439449465182,9.33683366930308e-4
160830005004,Block Group 4; Census Tract 5; Twin Falls County; Idaho,672,581,40,0,32,51875,0.13188873291307074,3.644323004216923e-4
160830005005,Block Group 5; Census Tract 5; Twin Falls County; Idaho,964,937,0,0,18,48906,0.11641929250962305,5.329752632507137e-4
160830006001,Block Group 1; Census Tract 6; Twin Falls County; Idaho,974,522,0,0,449,83333,0.3106650936048797,5.419046917449666e-4
160830006002,Block Group 2; Census Tract 6; Twin Falls County; Idaho,930,735,0,3,149,115694,0.015199990742393456,4.950251921501394e-4
160830006003,Block Group 3; Census Tract 6; Twin Falls County; Idaho,1590,1283,85,6,96,74271,0.10008669199984006,8.203912429094757e-4
160830007011,Block Group 1; Census Tract 7.01; Twin Falls County; Idaho,2447,2251,0,0,176,104799,0.04555159453254275,0.0013544826847219711
160830007012,Block Group 2; Census Tract 7.01; Twin Falls County; Idaho,2489,1364,0,51,497,37500,0.06219707744133647,0.0010670667050632092
160830007013,Block Group 3; Census Tract 7.01; Twin Falls County; Idaho,5900,5386,0,0,359,100026,0.05400771135404092,0.003206222918717645
160830007021,Block Group 1; Census Tract 7.02; Twin Falls County; Idaho,857,495,0,0,327,93051,0.21366354641787497,4.587493888922374e-4
160830007022,Block Group 2; Census Tract 7.02; Twin Falls County; Idaho,2869,1924,120,24,801,60140,0.11050652089659688,0.0016011581468757046
160830007023,Block Group 3; Census Tract 7.02; Twin Falls County; Idaho,1085,648,0,247,190,34535,0.4785786754198974,6.055268697665178e-4
160830008001,Block Group 1; Census Tract 8; Twin Falls County; Idaho,889,846,0,0,25,65708,0.09731243784726315,4.860957636558866e-4
160830008002,Block Group 2; Census Tract 8; Twin Falls County; Idaho,1204,1049,0,0,147,66036,0.022840654310747315,6.674747799453965e-4
160830008003,Block Group 3; Census Tract 8; Twin Falls County; Idaho,847,521,0,0,258,44063,0.13195364894691075,4.3475154981393303e-4
160830008004,Block Group 4; Census Tract 8; Twin Falls County; Idaho,2753,2215,164,11,211,46744,0.10002023212016524,0.0014515902195969702
160830008005,Block Group 5; Census Tract 8; Twin Falls County; Idaho,1113,1062,0,0,43,49741,0.08124900564466656,6.166886553843337e-4
160830009001,Block Group 1; Census Tract 9; Twin Falls County; Idaho,2240,1755,32,19,412,120865,0.011619079679827008,0.001237842025015794
160830009002,Block Group 2; Census Tract 9; Twin Falls County; Idaho,2331,2044,19,29,216,100714,0.010425705159908153,0.0012880700602959658
160830009003,Block Group 3; Census Tract 9; Twin Falls County; Idaho,802,746,0,0,52,66949,0.051595084848283825,4.4535524615085825e-4
160830010011,Block Group 1; Census Tract 10.01; Twin Falls County; Idaho,1579,1422,0,31,57,56324,0.06838435282577944,8.427148141451077e-4
160830010012,Block Group 2; Census Tract 10.01; Twin Falls County; Idaho,1348,1266,0,0,55,91938,0.07747285847348168,7.372359400567466e-4
160830010013,Block Group 3; Census Tract 10.01; Twin Falls County; Idaho,1621,958,0,153,160,53407,0.16895920757468785,7.093314760122065e-4
160830010021,Block Group 1; Census Tract 10.02; Twin Falls County; Idaho,2321,1676,0,0,273,45350,0.02103607980856888,0.0010877160084561688
160830010022,Block Group 2; Census Tract 10.02; Twin Falls County; Idaho,1246,798,0,0,184,91667,0.02809486802942328,5.480436738347653e-4
160830010023,Block Group 3; Census Tract 10.02; Twin Falls County; Idaho,1029,942,37,0,0,93286,0.19498349859673203,5.46369405992093e-4
160830011001,Block Group 1; Census Tract 11; Twin Falls County; Idaho,672,626,11,0,0,47273,0.17114549584501473,3.555028719274395e-4
160830011002,Block Group 2; Census Tract 11; Twin Falls County; Idaho,1254,922,0,7,317,42006,0.053047959504876355,6.953792439899365e-4
160830011003,Block Group 3; Census Tract 11; Twin Falls County; Idaho,1502,980,72,33,337,47554,0.09915015697869804,7.936029574267172e-4
160830012011,Block Group 1; Census Tract 12.01; Twin Falls County; Idaho,1952,1349,0,0,361,50085,0.03739540244714788,9.543326703232676e-4
160830012012,Block Group 2; Census Tract 12.01; Twin Falls County; Idaho,2170,1316,0,16,799,59087,0.17379313104260652,0.0011892882575782943
160830012021,Block Group 1; Census Tract 12.02; Twin Falls County; Idaho,1027,896,0,0,116,46111,0.024671427031394726,5.647863522614894e-4
160830012022,Block Group 2; Census Tract 12.02; Twin Falls County; Idaho,2440,1166,0,466,761,90526,0.5141245056799213,0.001335507649171684
160830012023,Block Group 3; Census Tract 12.02; Twin Falls County; Idaho,1953,1159,0,54,728,56985,0.18470273051208713,0.0010832512942090425
160830013011,Block Group 1; Census Tract 13.01; Twin Falls County; Idaho,3149,2847,0,0,177,118438,0.057804064730649536,0.0016876619854137786
160830013012,Block Group 2; Census Tract 13.01; Twin Falls County; Idaho,2062,1330,0,0,714,73274,0.1522700878769789,0.0011407344901407947
160830013013,Block Group 3; Census Tract 13.01; Twin Falls County; Idaho,3021,1993,0,0,966,95056,0.12689072437465354,0.0016513861821558767
160830013021,Block Group 1; Census Tract 13.02; Twin Falls County; Idaho,1772,1212,0,0,513,49053,0.09805377830800724,9.627040095366296e-4
160830013022,Block Group 2; Census Tract 13.02; Twin Falls County; Idaho,550,423,0,0,61,68681,0.022317834249909234,2.701152119511471e-4
160830016001,Block Group 1; Census Tract 16; Twin Falls County; Idaho,1182,904,0,0,254,81196,0.041426341204041414,6.462673872715462e-4
160830016002,Block Group 2; Census Tract 16; Twin Falls County; Idaho,2019,1103,0,0,893,62813,0.28660352922803767,0.0011139462046580364
160830016003,Block Group 3; Census Tract 16; Twin Falls County; Idaho,1340,711,0,1,616,69079,0.31043982601112113,7.411425650229822e-4
160859701001,Block Group 1; Census Tract 9701; Valley County; Idaho,584,584,0,0,0,NA,0.1763275955554103,3.259241400402271e-4
160859701002,Block Group 2; Census Tract 9701; Valley County; Idaho,0,0,0,0,0,NA,NA,NA
160859701003,Block Group 3; Census Tract 9701; Valley County; Idaho,1654,1392,0,7,234,79096,0.011689908996096567,9.113597956946761e-4
160859701004,Block Group 4; Census Tract 9701; Valley County; Idaho,1243,1203,6,0,8,50440,0.14081124696027225,6.791946548441034e-4
160859701005,Block Group 5; Census Tract 9701; Valley County; Idaho,0,0,0,0,0,NA,NA,NA
160859702001,Block Group 1; Census Tract 9702; Valley County; Idaho,0,0,0,0,0,NA,NA,NA
160859702002,Block Group 2; Census Tract 9702; Valley County; Idaho,0,0,0,0,0,NA,NA,NA
160859702003,Block Group 3; Census Tract 9702; Valley County; Idaho,867,837,0,0,30,NA,0.08764420262833103,4.8386340653232344e-4
160859702004,Block Group 4; Census Tract 9702; Valley County; Idaho,2541,2471,0,0,48,58929,0.11597145136781366,0.0014058268985639247
160859703011,Block Group 1; Census Tract 9703.01; Valley County; Idaho,1879,1863,0,0,16,89098,0.1424521372741115,0.0010486497587938127
160859703021,Block Group 1; Census Tract 9703.02; Valley County; Idaho,2,2,0,0,0,NA,0.1763275955554103,1.1161785617815995e-6
160859703022,Block Group 2; Census Tract 9703.02; Valley County; Idaho,3366,3051,0,0,283,83157,0.03717056595545972,0.0018606696624899265
160879701001,Block Group 1; Census Tract 9701; Washington County; Idaho,1040,933,0,0,43,62250,0.07426799750542913,5.446951381494206e-4
160879701002,Block Group 2; Census Tract 9701; Washington County; Idaho,1054,912,0,0,47,71406,0.06814227375367271,5.35207620374277e-4
160879702001,Block Group 1; Census Tract 9702; Washington County; Idaho,815,793,0,0,0,58516,0.1763275955554103,4.4256479974640425e-4
160879702002,Block Group 2; Census Tract 9702; Washington County; Idaho,969,868,3,6,82,43939,0.01920577555607701,5.35207620374277e-4
160879702003,Block Group 3; Census Tract 9702; Washington County; Idaho,1058,663,0,12,362,46667,0.1416732584688649,5.787385842837594e-4
160879702004,Block Group 4; Census Tract 9702; Washington County; Idaho,975,881,9,6,37,70548,0.06005251937297626,5.206972990711162e-4
160879703001,Block Group 1; Census Tract 9703; Washington County; Idaho,1012,891,0,0,117,88404,0.024304111188258253,5.625539951379262e-4
160879703002,Block Group 2; Census Tract 9703; Washington County; Idaho,1336,1055,0,0,281,37308,0.03703360145589232,7.456072792701085e-4
160879703003,Block Group 3; Census Tract 9703; Washington County; Idaho,1277,848,0,0,257,50938,0.04873232206199067,6.166886553843337e-4
160879703004,Block Group 4; Census Tract 9703; Washington County; Idaho,1330,691,0,0,515,52561,0.2554299645072994,6.730556727543045e-4
